body,created_at,updated_at,id,commenter_id,photo_id
Month threat it result affect professor.,2022-05-19 04:28:31.000000,2022-05-31 00:18:44.370396,0,39,36
Body floor key generation want concern activity.,2022-05-15 15:27:44.000000,2022-05-31 00:18:44.370396,1,45,26
Quickly save send debate and industry.,2022-05-23 11:03:20.000000,2022-05-31 00:18:44.370396,2,6,82
Billion yes report reality.,2022-05-18 11:06:11.000000,2022-05-31 00:18:44.370396,3,15,106
Religious only maintain past Democrat black candidate.,2022-05-15 07:41:19.000000,2022-05-31 00:18:44.371392,4,23,82
Apply woman avoid politics edge.,2022-05-23 14:27:21.000000,2022-05-31 00:18:44.371392,5,5,111
Process type might west month up investment.,2022-05-06 13:20:49.000000,2022-05-31 00:18:44.371392,6,0,10
Scene party oil leader store prove economy thought.,2022-05-13 17:11:42.000000,2022-05-31 00:18:44.371392,7,21,158
Respond toward fine trip.,2022-05-08 18:25:17.000000,2022-05-31 00:18:44.371392,8,11,66
Resource hard here ready like sometimes choice opportunity.,2022-05-17 06:57:47.000000,2022-05-31 00:18:44.371392,9,41,181
General window soldier in response sport.,2022-05-12 19:06:53.000000,2022-05-31 00:18:44.371392,10,16,126
Score treat around picture score.,2022-05-09 10:42:27.000000,2022-05-31 00:18:44.372390,11,35,112
Everything century pay hour.,2022-05-20 15:25:13.000000,2022-05-31 00:18:44.372390,12,5,44
Article though allow old.,2022-05-13 07:54:49.000000,2022-05-31 00:18:44.372390,13,45,103
South hand environmental.,2022-05-03 13:43:01.000000,2022-05-31 00:18:44.372390,14,32,69
Effort performance guy beautiful.,2022-05-02 22:13:03.000000,2022-05-31 00:18:44.372390,15,16,38
Model under from indeed.,2022-05-23 06:48:43.000000,2022-05-31 00:18:44.372390,16,49,39
Community commercial air assume effort official.,2022-05-25 07:56:33.000000,2022-05-31 00:18:44.372390,17,20,196
Rate wait should body worker present.,2022-05-29 12:59:15.000000,2022-05-31 00:18:44.373386,18,3,140
Article employee industry matter main production.,2022-05-21 03:09:25.000000,2022-05-31 00:18:44.373386,19,36,110
Painting president never factor.,2022-05-01 12:35:10.000000,2022-05-31 00:18:44.373386,20,11,4
When doctor by cover hot little.,2022-05-11 13:27:22.000000,2022-05-31 00:18:44.373386,21,30,122
After bad special moment worker.,2022-05-05 07:52:14.000000,2022-05-31 00:18:44.373386,22,47,20
Finish though leg dinner.,2022-05-21 10:51:22.000000,2022-05-31 00:18:44.373386,23,42,78
With institution country age.,2022-05-30 07:41:33.000000,2022-05-31 00:18:44.373386,24,9,68
Commercial affect door Republican while home.,2022-05-22 15:33:33.000000,2022-05-31 00:18:44.374384,25,26,188
Last lose recent final social interest.,2022-05-11 09:48:44.000000,2022-05-31 00:18:44.374384,26,11,23
Center life from dog.,2022-05-01 14:35:33.000000,2022-05-31 00:18:44.374384,27,23,160
Letter newspaper body action media.,2022-05-12 12:40:42.000000,2022-05-31 00:18:44.374384,28,28,166
Sell stay great rest.,2022-05-12 13:08:38.000000,2022-05-31 00:18:44.374384,29,16,51
The will reduce.,2022-05-03 15:18:40.000000,2022-05-31 00:18:44.374384,30,44,155
Today stock figure power democratic page long fall.,2022-05-20 02:56:45.000000,2022-05-31 00:18:44.375384,31,34,141
Our billion mother expect.,2022-05-06 04:36:45.000000,2022-05-31 00:18:44.375384,32,20,173
President set police will change middle.,2022-05-11 00:14:27.000000,2022-05-31 00:18:44.376378,33,45,117
Data green also.,2022-05-27 16:26:43.000000,2022-05-31 00:18:44.376378,34,41,41
Charge hospital yet huge firm.,2022-05-08 20:53:47.000000,2022-05-31 00:18:44.376378,35,26,1
Plant today wish foot well hard race.,2022-05-01 15:29:22.000000,2022-05-31 00:18:44.377374,36,13,197
Pretty analysis ever question partner.,2022-05-16 05:18:30.000000,2022-05-31 00:18:44.377374,37,41,139
Under knowledge building success describe radio.,2022-05-25 22:49:26.000000,2022-05-31 00:18:44.377374,38,32,184
Camera campaign performance month trip.,2022-05-14 08:57:01.000000,2022-05-31 00:18:44.377374,39,15,171
Above student reduce court road human wall over.,2022-05-22 06:19:52.000000,2022-05-31 00:18:44.377374,40,11,56
Near growth level painting.,2022-05-29 17:33:07.000000,2022-05-31 00:18:44.378374,41,45,55
Near imagine table kitchen small.,2022-05-14 05:32:46.000000,2022-05-31 00:18:44.378374,42,46,128
Point most whole.,2022-05-12 13:58:49.000000,2022-05-31 00:18:44.378374,43,25,22
Provide speak shoulder help lot debate.,2022-05-01 14:51:19.000000,2022-05-31 00:18:44.378374,44,21,100
Effect debate feel activity according.,2022-05-19 18:15:21.000000,2022-05-31 00:18:44.378374,45,2,102
Dinner mind purpose week.,2022-05-18 19:44:35.000000,2022-05-31 00:18:44.378374,46,5,28
Decision report next computer shake know toward.,2022-05-24 03:21:36.000000,2022-05-31 00:18:44.379369,47,24,179
Contain certain manager eye score indicate per.,2022-05-04 06:18:08.000000,2022-05-31 00:18:44.379369,48,16,80
Attention education you box tree central where.,2022-05-01 22:01:44.000000,2022-05-31 00:18:44.379369,49,22,18
Trouble wide middle get land fish.,2022-05-24 03:57:14.000000,2022-05-31 00:18:44.379369,50,43,59
Only floor during type arm.,2022-05-24 09:22:37.000000,2022-05-31 00:18:44.379369,51,8,53
Visit range price board if school life peace.,2022-05-11 16:39:53.000000,2022-05-31 00:18:44.379369,52,32,190
Local tree behind light.,2022-05-30 08:08:09.000000,2022-05-31 00:18:44.379369,53,37,78
Born social house drive court campaign value.,2022-05-18 03:09:56.000000,2022-05-31 00:18:44.379369,54,39,189
Table window fight.,2022-05-27 00:42:43.000000,2022-05-31 00:18:44.380369,55,4,179
Fly role their interest end would.,2022-05-18 04:42:32.000000,2022-05-31 00:18:44.380369,56,20,73
Among long choice.,2022-05-04 21:13:58.000000,2022-05-31 00:18:44.380369,57,31,104
Whole instead people pull mention leave station agree.,2022-05-09 11:27:10.000000,2022-05-31 00:18:44.380369,58,4,124
Understand explain against personal let.,2022-05-08 20:41:20.000000,2022-05-31 00:18:44.380369,59,48,36
Mrs find book.,2022-05-19 16:46:05.000000,2022-05-31 00:18:44.380369,60,38,85
Build best wait which able travel look.,2022-05-13 12:29:40.000000,2022-05-31 00:18:44.380369,61,0,46
Soon certain subject site wish prepare us.,2022-05-29 01:22:36.000000,2022-05-31 00:18:44.381366,62,14,149
Live live identify she.,2022-05-29 02:25:17.000000,2022-05-31 00:18:44.381366,63,2,2
Worry shake economy ask task model.,2022-05-30 17:46:51.000000,2022-05-31 00:18:44.381366,64,45,157
White hot option make add interesting tend husband.,2022-05-23 03:44:37.000000,2022-05-31 00:18:44.381366,65,9,47
Develop reach these source key tax speak.,2022-05-30 22:42:35.000000,2022-05-31 00:18:44.381366,66,32,139
War among soldier radio fine security follow.,2022-05-16 23:53:26.000000,2022-05-31 00:18:44.381366,67,3,167
Draw sister body fight far none.,2022-05-01 00:51:33.000000,2022-05-31 00:18:44.381366,68,47,79
Analysis where nothing goal group.,2022-05-08 04:34:43.000000,2022-05-31 00:18:44.382363,69,25,50
Ahead source health process form from.,2022-05-18 09:02:26.000000,2022-05-31 00:18:44.382363,70,48,39
Executive section sister lot air deep coach.,2022-05-26 18:51:31.000000,2022-05-31 00:18:44.382363,71,2,123
Evidence game statement stop.,2022-05-28 14:13:48.000000,2022-05-31 00:18:44.382363,72,23,183
Hard economy course something focus expect.,2022-05-27 12:43:02.000000,2022-05-31 00:18:44.382363,73,42,26
Middle former safe main.,2022-05-21 13:47:57.000000,2022-05-31 00:18:44.382363,74,15,29
Field difference team seven sell fine.,2022-05-01 03:40:19.000000,2022-05-31 00:18:44.382363,75,34,176
Challenge man teach three himself fight.,2022-05-09 14:21:48.000000,2022-05-31 00:18:44.383360,76,26,11
Research region leader result pay office single.,2022-05-30 12:46:41.000000,2022-05-31 00:18:44.383360,77,23,0
Type its throughout particularly race son teacher growth.,2022-05-21 11:11:06.000000,2022-05-31 00:18:44.383360,78,39,21
Law poor born about.,2022-05-21 12:51:10.000000,2022-05-31 00:18:44.383360,79,22,146
Force call mouth kind travel.,2022-05-24 18:58:19.000000,2022-05-31 00:18:44.383360,80,30,34
Scientist sense want always yeah.,2022-05-02 01:13:52.000000,2022-05-31 00:18:44.383360,81,26,38
Many under expert property lose we late.,2022-05-08 11:52:51.000000,2022-05-31 00:18:44.383360,82,13,27
True low break so oil manager.,2022-05-24 05:26:07.000000,2022-05-31 00:18:44.384357,83,35,174
Form job away author matter thousand these.,2022-05-06 07:19:59.000000,2022-05-31 00:18:44.384357,84,11,107
Establish newspaper difference game reason power contain.,2022-05-30 18:12:12.000000,2022-05-31 00:18:44.384357,85,21,86
Majority majority international rather.,2022-05-25 03:44:00.000000,2022-05-31 00:18:44.384357,86,14,32
Mention hit start office bad various.,2022-05-15 10:19:07.000000,2022-05-31 00:18:44.384357,87,15,96
By by decision quite wait force what.,2022-05-12 08:56:25.000000,2022-05-31 00:18:44.384357,88,3,22
Decision outside close cultural.,2022-05-08 06:09:31.000000,2022-05-31 00:18:44.384357,89,38,196
Baby message adult establish rate agency.,2022-05-05 06:13:00.000000,2022-05-31 00:18:44.385355,90,6,134
Environment before simple size.,2022-05-02 10:28:52.000000,2022-05-31 00:18:44.385355,91,1,114
Better site challenge large.,2022-05-30 09:52:22.000000,2022-05-31 00:18:44.385355,92,41,151
Production worry price situation in cultural author.,2022-05-07 20:43:26.000000,2022-05-31 00:18:44.385355,93,36,80
Carry cup others pull.,2022-05-06 02:45:28.000000,2022-05-31 00:18:44.385355,94,45,38
Continue baby help foreign less.,2022-05-14 23:18:14.000000,2022-05-31 00:18:44.385355,95,0,175
Parent keep much list gun.,2022-05-25 22:50:32.000000,2022-05-31 00:18:44.385355,96,13,121
Player instead four short.,2022-05-19 12:20:51.000000,2022-05-31 00:18:44.386352,97,49,32
Need happy sell or guess PM charge.,2022-05-05 21:00:15.000000,2022-05-31 00:18:44.386352,98,35,168
Position paper hit able.,2022-05-25 20:29:03.000000,2022-05-31 00:18:44.386352,99,20,68
Generation she road yard address Democrat themselves.,2022-05-15 10:12:14.000000,2022-05-31 00:18:44.386352,100,22,110
At movie behind.,2022-05-05 05:40:47.000000,2022-05-31 00:18:44.386352,101,42,49
Painting expert money off garden.,2022-05-11 13:26:16.000000,2022-05-31 00:18:44.386352,102,37,77
Past gun must movie success.,2022-05-26 09:59:47.000000,2022-05-31 00:18:44.386352,103,23,178
Science media newspaper itself.,2022-05-04 15:07:43.000000,2022-05-31 00:18:44.387349,104,2,106
Morning sound prepare week throughout speak.,2022-05-13 03:10:37.000000,2022-05-31 00:18:44.387349,105,34,35
Consumer can give scientist race official production.,2022-05-02 10:20:32.000000,2022-05-31 00:18:44.387349,106,33,163
Can pick huge floor difficult identify pull.,2022-05-30 05:10:09.000000,2022-05-31 00:18:44.387349,107,0,59
Its evidence point full.,2022-05-19 08:55:54.000000,2022-05-31 00:18:44.387349,108,35,47
Around turn show soon camera level two.,2022-05-10 19:57:36.000000,2022-05-31 00:18:44.387349,109,20,20
Green environmental information end.,2022-05-05 02:56:32.000000,2022-05-31 00:18:44.387349,110,32,144
Cost seat hospital name meet.,2022-05-04 06:21:27.000000,2022-05-31 00:18:44.388347,111,37,71
Industry him build near yard.,2022-05-14 06:03:22.000000,2022-05-31 00:18:44.388347,112,25,1
Resource animal let necessary arrive face home.,2022-05-23 08:40:59.000000,2022-05-31 00:18:44.388347,113,29,78
Drop certain head area fall reveal information fire.,2022-05-13 17:40:37.000000,2022-05-31 00:18:44.388347,114,31,138
Chair consumer coach wind ball trade just.,2022-05-03 06:23:53.000000,2022-05-31 00:18:44.388347,115,6,87
Her history record act attention above early.,2022-05-09 13:07:39.000000,2022-05-31 00:18:44.388347,116,23,177
Law across use.,2022-05-23 04:10:36.000000,2022-05-31 00:18:44.389342,117,27,170
Interest any speech.,2022-05-14 16:38:11.000000,2022-05-31 00:18:44.389342,118,36,55
Cultural year on away relationship.,2022-05-16 05:44:13.000000,2022-05-31 00:18:44.389342,119,22,105
Happy walk show he us actually single.,2022-05-05 01:53:26.000000,2022-05-31 00:18:44.389342,120,2,139
Base themselves produce.,2022-05-13 09:14:40.000000,2022-05-31 00:18:44.389342,121,36,189
Night office cold school.,2022-05-18 06:01:17.000000,2022-05-31 00:18:44.389342,122,42,49
Traditional time benefit practice coach least court among.,2022-05-19 07:09:24.000000,2022-05-31 00:18:44.389342,123,29,1
Film camera thousand.,2022-05-05 02:30:21.000000,2022-05-31 00:18:44.389342,124,49,35
Then upon today question player writer.,2022-05-13 01:14:38.000000,2022-05-31 00:18:44.390342,125,12,9
Evidence shoulder kind executive of network structure TV.,2022-05-05 19:31:25.000000,2022-05-31 00:18:44.390342,126,12,153
Guess general pressure ten.,2022-05-13 08:07:48.000000,2022-05-31 00:18:44.390342,127,6,130
Sort citizen team far.,2022-05-18 16:57:12.000000,2022-05-31 00:18:44.390342,128,18,116
Opportunity maybe fall read.,2022-05-22 21:39:03.000000,2022-05-31 00:18:44.390342,129,46,183
Treatment evening hair church dog.,2022-05-14 13:04:04.000000,2022-05-31 00:18:44.390342,130,10,121
Ball size for those dog.,2022-05-16 06:27:57.000000,2022-05-31 00:18:44.390342,131,35,88
Practice better summer prove data focus because.,2022-05-05 05:59:06.000000,2022-05-31 00:18:44.390342,132,6,14
Keep either operation himself itself Mr decision.,2022-05-25 09:34:47.000000,2022-05-31 00:18:44.391339,133,17,80
Simple guess sure light appear meet up.,2022-05-12 06:44:15.000000,2022-05-31 00:18:44.391339,134,43,164
To keep also effort play professional.,2022-05-04 14:31:17.000000,2022-05-31 00:18:44.392335,135,42,195
Old too expect minute simple level pressure.,2022-05-14 08:29:09.000000,2022-05-31 00:18:44.392335,136,48,82
Few business south wide.,2022-05-15 02:05:17.000000,2022-05-31 00:18:44.392335,137,2,118
If as season.,2022-05-18 04:29:27.000000,2022-05-31 00:18:44.392335,138,32,76
Sign evidence moment most up job.,2022-05-02 22:01:49.000000,2022-05-31 00:18:44.393333,139,42,86
Security street religious impact somebody hot page someone.,2022-05-06 19:12:50.000000,2022-05-31 00:18:44.393333,140,6,4
Nature appear reason seven discuss result.,2022-05-11 20:06:39.000000,2022-05-31 00:18:44.393333,141,4,125
Against area western position ability sense painting.,2022-05-20 13:09:19.000000,2022-05-31 00:18:44.394331,142,36,143
Test rise help.,2022-05-07 21:01:48.000000,2022-05-31 00:18:44.394331,143,33,71
Visit include fine generation trial truth evidence.,2022-05-10 05:18:52.000000,2022-05-31 00:18:44.395327,144,42,176
Environment speech common physical project.,2022-05-08 17:32:52.000000,2022-05-31 00:18:44.395327,145,41,61
Apply claim staff government type.,2022-05-17 05:59:58.000000,2022-05-31 00:18:44.395327,146,30,157
Nearly fly cultural middle.,2022-05-12 03:50:35.000000,2022-05-31 00:18:44.395327,147,6,16
Operation rich send today.,2022-05-03 18:55:33.000000,2022-05-31 00:18:44.395327,148,5,137
History nothing watch themselves camera fight.,2022-05-01 21:50:29.000000,2022-05-31 00:18:44.395327,149,15,190
Eye Congress ability my school issue.,2022-05-09 15:03:02.000000,2022-05-31 00:18:44.396335,150,11,36
Figure from believe family top board final.,2022-05-08 15:21:04.000000,2022-05-31 00:18:44.396335,151,10,4
Quality where positive likely policy economic.,2022-05-01 09:28:18.000000,2022-05-31 00:18:44.396335,152,30,182
Quickly minute lawyer lead letter build child.,2022-05-19 04:49:31.000000,2022-05-31 00:18:44.397340,153,23,199
Yeah country born send floor.,2022-05-17 14:10:36.000000,2022-05-31 00:18:44.397340,154,17,134
Whatever describe likely billion catch.,2022-05-09 12:40:59.000000,2022-05-31 00:18:44.397340,155,49,76
Debate seat can mind fire son.,2022-05-11 04:24:49.000000,2022-05-31 00:18:44.397340,156,20,34
Rather white year.,2022-05-29 14:40:02.000000,2022-05-31 00:18:44.398321,157,44,0
Seven respond include quality.,2022-05-27 04:36:53.000000,2022-05-31 00:18:44.398321,158,35,4
Major affect for develop happen.,2022-05-06 16:25:12.000000,2022-05-31 00:18:44.398321,159,37,147
Expert sure evidence better involve.,2022-05-14 15:48:00.000000,2022-05-31 00:18:44.398321,160,43,47
Relate consumer tree memory walk popular.,2022-05-11 02:20:19.000000,2022-05-31 00:18:44.398321,161,21,167
Environment summer yes realize.,2022-05-14 14:50:48.000000,2022-05-31 00:18:44.398321,162,32,62
Space through garden score.,2022-05-27 20:19:53.000000,2022-05-31 00:18:44.398321,163,44,63
Evening let suggest.,2022-05-30 11:50:19.000000,2022-05-31 00:18:44.399317,164,48,81
Think raise simple standard how start future.,2022-05-08 07:10:48.000000,2022-05-31 00:18:44.399317,165,7,90
As recognize develop world show.,2022-05-01 21:03:26.000000,2022-05-31 00:18:44.399317,166,43,131
Explain rule ten your all also small.,2022-05-29 16:08:45.000000,2022-05-31 00:18:44.399317,167,7,188
Detail choose authority size article.,2022-05-03 19:27:03.000000,2022-05-31 00:18:44.399317,168,45,141
Former truth soldier option.,2022-05-30 01:28:04.000000,2022-05-31 00:18:44.399317,169,19,169
Season series really long.,2022-05-17 05:01:54.000000,2022-05-31 00:18:44.399317,170,3,5
Area source wait rather true usually write.,2022-05-05 23:06:41.000000,2022-05-31 00:18:44.399317,171,32,174
Country whether million must seem.,2022-05-03 17:48:22.000000,2022-05-31 00:18:44.400314,172,42,108
Especially positive your glass top.,2022-05-06 01:22:35.000000,2022-05-31 00:18:44.400314,173,18,82
Mrs attack current learn third.,2022-05-14 21:40:34.000000,2022-05-31 00:18:44.400314,174,38,168
Its pull forget throughout garden child adult.,2022-05-01 05:57:19.000000,2022-05-31 00:18:44.400314,175,15,17
Kid name husband miss.,2022-05-21 08:46:02.000000,2022-05-31 00:18:44.400314,176,3,7
Plan drop yard and respond part trip.,2022-05-06 00:10:56.000000,2022-05-31 00:18:44.400314,177,13,44
A certain indicate much garden necessary.,2022-05-14 06:12:40.000000,2022-05-31 00:18:44.400314,178,6,175
Me course of Mrs standard order.,2022-05-15 04:58:14.000000,2022-05-31 00:18:44.400314,179,21,167
Bit activity career meeting.,2022-05-06 12:58:20.000000,2022-05-31 00:18:44.401311,180,35,60
Become up enough listen material present everyone throughout.,2022-05-01 21:38:44.000000,2022-05-31 00:18:44.401311,181,30,62
Site stand wall provide recognize matter.,2022-05-16 01:38:46.000000,2022-05-31 00:18:44.401311,182,44,141
Doctor own evening side why civil region.,2022-05-21 01:26:01.000000,2022-05-31 00:18:44.401311,183,33,175
Price trial doctor medical the.,2022-05-15 18:15:51.000000,2022-05-31 00:18:44.401311,184,28,38
Down I such page up hotel.,2022-05-23 12:51:15.000000,2022-05-31 00:18:44.401311,185,4,16
Military space defense religious ten more must.,2022-05-05 21:07:27.000000,2022-05-31 00:18:44.401311,186,14,161
Establish four continue again understand.,2022-05-09 02:37:09.000000,2022-05-31 00:18:44.401311,187,21,26
Too sometimes positive make result billion race.,2022-05-12 10:04:13.000000,2022-05-31 00:18:44.402309,188,10,153
System listen others employee shake report same.,2022-05-22 19:02:16.000000,2022-05-31 00:18:44.402309,189,42,89
Debate indicate yard yet.,2022-05-29 11:59:52.000000,2022-05-31 00:18:44.402309,190,22,105
Key let blood power end.,2022-05-01 07:48:57.000000,2022-05-31 00:18:44.402309,191,48,177
Government campaign man last site.,2022-05-14 07:28:19.000000,2022-05-31 00:18:44.402309,192,16,193
What beautiful building approach else far student decade.,2022-05-09 00:00:16.000000,2022-05-31 00:18:44.402309,193,39,10
Whether blue hair more.,2022-05-06 09:13:57.000000,2022-05-31 00:18:44.402309,194,38,93
Recent force some forget.,2022-05-23 10:55:52.000000,2022-05-31 00:18:44.402309,195,23,26
General present event interest interesting I.,2022-05-20 05:08:09.000000,2022-05-31 00:18:44.402309,196,22,35
Health off quickly situation.,2022-05-30 05:10:25.000000,2022-05-31 00:18:44.403306,197,32,94
Paper theory he listen.,2022-05-28 13:28:19.000000,2022-05-31 00:18:44.403306,198,0,40
Mr professor anything join of issue.,2022-05-23 17:01:22.000000,2022-05-31 00:18:44.403306,199,37,23
Find than bring who.,2022-05-29 09:59:04.000000,2022-05-31 00:18:44.403306,200,45,174
Especially large ball through garden situation like.,2022-05-15 16:26:14.000000,2022-05-31 00:18:44.403306,201,23,46
Kitchen window bring those toward entire total.,2022-05-16 00:10:06.000000,2022-05-31 00:18:44.403306,202,34,172
Item movie study.,2022-05-27 07:26:19.000000,2022-05-31 00:18:44.403306,203,2,155
Defense run interesting later writer cell forward.,2022-05-23 23:12:16.000000,2022-05-31 00:18:44.403306,204,22,144
Situation none represent only treat bit find.,2022-05-27 14:10:38.000000,2022-05-31 00:18:44.404303,205,40,69
Allow father word suggest.,2022-05-11 17:35:52.000000,2022-05-31 00:18:44.404303,206,21,39
Such store thank attorney sit.,2022-05-04 04:42:05.000000,2022-05-31 00:18:44.404303,207,2,76
Political they hour yourself.,2022-05-07 16:34:42.000000,2022-05-31 00:18:44.404303,208,7,106
Environmental program about operation exist.,2022-05-05 18:29:23.000000,2022-05-31 00:18:44.404303,209,44,111
Forward second wind property onto.,2022-05-13 11:56:25.000000,2022-05-31 00:18:44.404303,210,23,23
Especially bill give capital suddenly significant.,2022-05-21 14:29:46.000000,2022-05-31 00:18:44.404303,211,22,162
North drug court try.,2022-05-15 09:06:07.000000,2022-05-31 00:18:44.405301,212,19,86
Everything defense world side where push though.,2022-05-21 20:39:19.000000,2022-05-31 00:18:44.405301,213,32,50
We chance up care development environmental.,2022-05-17 06:00:48.000000,2022-05-31 00:18:44.405301,214,24,114
Forward keep happy pay life group stock whole.,2022-05-03 11:50:01.000000,2022-05-31 00:18:44.405301,215,7,96
Computer tough we hand its.,2022-05-14 04:22:00.000000,2022-05-31 00:18:44.405301,216,12,13
Week learn tough action.,2022-05-25 12:46:01.000000,2022-05-31 00:18:44.405301,217,48,164
Notice then minute prove however issue treatment.,2022-05-27 17:02:54.000000,2022-05-31 00:18:44.405301,218,19,22
Red which matter who think pattern study pass.,2022-05-21 01:03:11.000000,2022-05-31 00:18:44.405301,219,34,114
Spring require security bring.,2022-05-02 05:01:49.000000,2022-05-31 00:18:44.406299,220,20,23
Among red spring exactly add.,2022-05-14 22:54:28.000000,2022-05-31 00:18:44.406299,221,43,11
Pull market agreement necessary along fact impact cup.,2022-05-19 09:01:18.000000,2022-05-31 00:18:44.406299,222,36,95
Reflect such both score democratic rule.,2022-05-29 17:43:10.000000,2022-05-31 00:18:44.406299,223,10,86
Sit American indicate gun.,2022-05-23 19:16:52.000000,2022-05-31 00:18:44.406299,224,37,52
Occur surface understand.,2022-05-03 03:03:37.000000,2022-05-31 00:18:44.406299,225,13,64
Book property section write traditional.,2022-05-09 05:25:34.000000,2022-05-31 00:18:44.406299,226,27,187
Wife indeed identify service.,2022-05-23 22:30:27.000000,2022-05-31 00:18:44.406299,227,9,72
Ground parent officer figure house.,2022-05-05 05:52:24.000000,2022-05-31 00:18:44.407295,228,38,107
Health pressure drop weight seven end budget.,2022-05-22 08:50:51.000000,2022-05-31 00:18:44.407295,229,5,163
Heart put accept candidate protect.,2022-05-19 20:37:55.000000,2022-05-31 00:18:44.407295,230,32,113
Treatment represent professor foot lawyer.,2022-05-20 12:47:21.000000,2022-05-31 00:18:44.408295,231,36,57
North student indicate including claim piece product.,2022-05-23 06:33:20.000000,2022-05-31 00:18:44.408295,232,33,178
Very exist rest support article.,2022-05-25 18:38:05.000000,2022-05-31 00:18:44.409291,233,4,34
Reduce partner behavior.,2022-05-02 02:46:27.000000,2022-05-31 00:18:44.409291,234,29,115
Share PM act avoid term.,2022-05-21 00:04:58.000000,2022-05-31 00:18:44.409291,235,31,168
Right and others.,2022-05-02 23:12:17.000000,2022-05-31 00:18:44.409291,236,9,118
Street TV success air receive almost.,2022-05-30 03:33:50.000000,2022-05-31 00:18:44.410291,237,45,7
Campaign result nothing field least yard.,2022-05-27 17:57:37.000000,2022-05-31 00:18:44.410291,238,47,107
Money make old want.,2022-05-04 17:42:08.000000,2022-05-31 00:18:44.410291,239,31,85
Plan energy article her product far so.,2022-05-18 05:23:43.000000,2022-05-31 00:18:44.410291,240,20,42
Member care hear so start evening none.,2022-05-10 07:44:02.000000,2022-05-31 00:18:44.410291,241,8,131
Charge will fund war year.,2022-05-04 10:33:08.000000,2022-05-31 00:18:44.410291,242,8,191
Executive power message increase fund response.,2022-05-18 10:43:33.000000,2022-05-31 00:18:44.410291,243,7,36
Bag glass nearly type bit easy phone.,2022-05-25 07:49:09.000000,2022-05-31 00:18:44.410291,244,1,98
State military film not tough concern choose.,2022-05-17 18:54:34.000000,2022-05-31 00:18:44.411284,245,42,97
Fine safe authority same door value.,2022-05-15 11:45:05.000000,2022-05-31 00:18:44.411284,246,21,119
Decide various method.,2022-05-28 06:18:15.000000,2022-05-31 00:18:44.411284,247,7,177
Statement common painting game.,2022-05-04 23:11:46.000000,2022-05-31 00:18:44.411284,248,8,59
Think great radio.,2022-05-11 12:52:40.000000,2022-05-31 00:18:44.411284,249,27,126
Toward per lot president truth spring.,2022-05-27 03:02:00.000000,2022-05-31 00:18:44.411284,250,24,150
Card cause hospital whether.,2022-05-11 18:23:53.000000,2022-05-31 00:18:44.411284,251,28,62
Open someone yourself along where argue approach.,2022-05-19 22:15:03.000000,2022-05-31 00:18:44.412282,252,41,24
Camera well fall nothing court building.,2022-05-26 05:08:33.000000,2022-05-31 00:18:44.412282,253,28,35
President plan try Mr even.,2022-05-26 09:20:20.000000,2022-05-31 00:18:44.412282,254,34,159
Less process human cold.,2022-05-07 03:05:49.000000,2022-05-31 00:18:44.412282,255,42,126
Bad win authority individual.,2022-05-21 03:57:03.000000,2022-05-31 00:18:44.412282,256,31,110
Late night present professional.,2022-05-15 10:48:09.000000,2022-05-31 00:18:44.412282,257,43,3
Interesting much too risk these choose.,2022-05-23 17:51:40.000000,2022-05-31 00:18:44.412282,258,43,183
Little such since result world young easy.,2022-05-25 21:50:18.000000,2022-05-31 00:18:44.412282,259,34,191
Report avoid reach red both than when lead.,2022-05-11 00:19:28.000000,2022-05-31 00:18:44.413279,260,11,22
Director can smile bank unit.,2022-05-19 03:37:00.000000,2022-05-31 00:18:44.413279,261,10,28
Investment them through maybe.,2022-05-04 22:36:18.000000,2022-05-31 00:18:44.413279,262,33,34
Discover seek middle him describe full system.,2022-05-26 05:09:38.000000,2022-05-31 00:18:44.413279,263,30,166
Tell produce give.,2022-05-02 17:52:49.000000,2022-05-31 00:18:44.413279,264,46,91
Marriage physical peace power half behavior put month.,2022-05-05 15:33:37.000000,2022-05-31 00:18:44.413279,265,47,192
Leave morning spring different minute.,2022-05-15 15:53:45.000000,2022-05-31 00:18:44.413279,266,24,48
Like mouth decade space or safe something.,2022-05-24 20:39:52.000000,2022-05-31 00:18:44.413279,267,18,106
Reason low arrive church film care.,2022-05-03 07:17:59.000000,2022-05-31 00:18:44.414277,268,6,110
Final whose down.,2022-05-10 11:33:59.000000,2022-05-31 00:18:44.414277,269,41,48
Risk happen possible them party.,2022-05-14 02:08:12.000000,2022-05-31 00:18:44.414277,270,27,112
Project wait for nice government.,2022-05-18 10:35:50.000000,2022-05-31 00:18:44.414277,271,23,55
Ball include line early language.,2022-05-15 08:59:54.000000,2022-05-31 00:18:44.414277,272,11,89
Into speak up argue issue new drive support.,2022-05-05 13:59:21.000000,2022-05-31 00:18:44.414277,273,28,37
Sell small wall budget.,2022-05-18 11:36:25.000000,2022-05-31 00:18:44.414277,274,27,126
See whatever arrive really hair board maintain.,2022-05-03 04:39:30.000000,2022-05-31 00:18:44.415274,275,23,38
Successful hundred teach letter.,2022-05-11 13:18:52.000000,2022-05-31 00:18:44.415274,276,13,79
Attorney front boy everyone.,2022-05-02 03:35:19.000000,2022-05-31 00:18:44.415274,277,36,138
Force check but he TV year explain.,2022-05-02 01:29:20.000000,2022-05-31 00:18:44.415274,278,26,177
Into win fall employee could focus.,2022-05-12 14:55:56.000000,2022-05-31 00:18:44.415274,279,5,143
Industry enter law sure each near.,2022-05-22 09:40:16.000000,2022-05-31 00:18:44.415274,280,40,65
Set fight outside probably environmental or.,2022-05-06 16:27:50.000000,2022-05-31 00:18:44.415274,281,10,88
Exactly truth team executive public assume.,2022-05-09 07:42:16.000000,2022-05-31 00:18:44.416271,282,38,185
Part western least out.,2022-05-23 04:38:15.000000,2022-05-31 00:18:44.416271,283,39,183
Good authority forward then move myself.,2022-05-07 11:24:43.000000,2022-05-31 00:18:44.416271,284,23,36
Themselves down experience.,2022-05-11 03:29:24.000000,2022-05-31 00:18:44.416271,285,18,166
Risk when feeling outside condition.,2022-05-21 06:19:34.000000,2022-05-31 00:18:44.416271,286,36,107
Sense cold food bag himself.,2022-05-20 01:41:08.000000,2022-05-31 00:18:44.416271,287,20,98
Executive fine drop resource visit ground.,2022-05-20 20:04:17.000000,2022-05-31 00:18:44.416271,288,25,197
Culture huge pattern view free as difficult.,2022-05-04 18:36:38.000000,2022-05-31 00:18:44.416271,289,35,126
Return near leg common.,2022-05-07 05:39:27.000000,2022-05-31 00:18:44.416271,290,43,51
Cut first information blue ever.,2022-05-03 10:53:08.000000,2022-05-31 00:18:44.417268,291,29,44
His them marriage civil leader research woman.,2022-05-11 18:25:15.000000,2022-05-31 00:18:44.417268,292,7,87
Response too garden player.,2022-05-23 15:35:28.000000,2022-05-31 00:18:44.417268,293,28,44
Style unit anything able sit.,2022-05-06 11:47:28.000000,2022-05-31 00:18:44.417268,294,40,151
Purpose social information doctor trial stage.,2022-05-01 08:39:24.000000,2022-05-31 00:18:44.417268,295,14,165
Character thing upon.,2022-05-08 03:56:37.000000,2022-05-31 00:18:44.417268,296,16,117
Care these believe stop help training policy.,2022-05-16 08:16:09.000000,2022-05-31 00:18:44.417268,297,30,135
Move example bank computer take member sometimes must.,2022-05-02 06:38:57.000000,2022-05-31 00:18:44.417268,298,12,148
Improve compare night feeling make boy avoid.,2022-05-18 17:44:11.000000,2022-05-31 00:18:44.418265,299,8,155
Push market democratic situation civil.,2022-05-30 11:56:48.000000,2022-05-31 00:18:44.418265,300,43,57
Young administration despite hand simply on relationship.,2022-05-08 14:25:10.000000,2022-05-31 00:18:44.418265,301,9,148
Western middle above conference national nor.,2022-05-06 09:16:45.000000,2022-05-31 00:18:44.418265,302,1,90
Institution expert against box look.,2022-05-27 14:54:50.000000,2022-05-31 00:18:44.419269,303,40,72
News people employee successful subject.,2022-05-13 07:50:02.000000,2022-05-31 00:18:44.419269,304,42,37
Yard physical east politics tree newspaper prove.,2022-05-08 13:49:20.000000,2022-05-31 00:18:44.419269,305,43,163
Close fill design.,2022-05-04 01:03:05.000000,2022-05-31 00:18:44.419269,306,6,38
Student response to five degree beat name.,2022-05-02 05:13:20.000000,2022-05-31 00:18:44.419269,307,43,180
Mouth fast kind rock blue group.,2022-05-08 08:18:47.000000,2022-05-31 00:18:44.419269,308,8,7
But almost represent impact hear me and.,2022-05-29 03:15:41.000000,2022-05-31 00:18:44.419269,309,7,167
Mouth position not interview responsibility.,2022-05-10 18:55:01.000000,2022-05-31 00:18:44.420261,310,23,196
Firm rest force page city.,2022-05-07 05:35:13.000000,2022-05-31 00:18:44.420261,311,30,136
Apply around whether environmental interesting who single thousand.,2022-05-26 00:48:49.000000,2022-05-31 00:18:44.420261,312,7,73
Society east eat a.,2022-05-14 21:07:34.000000,2022-05-31 00:18:44.420261,313,41,44
Low official else present determine should part.,2022-05-07 11:40:11.000000,2022-05-31 00:18:44.420261,314,27,179
Human leave use dark attack.,2022-05-04 07:29:24.000000,2022-05-31 00:18:44.420261,315,35,45
Rock simple prepare play kitchen.,2022-05-28 22:55:07.000000,2022-05-31 00:18:44.420261,316,9,197
Run price member possible expert.,2022-05-30 07:44:02.000000,2022-05-31 00:18:44.420261,317,46,57
No sister fine so west remember.,2022-05-16 05:47:32.000000,2022-05-31 00:18:44.420261,318,2,8
Man put thought board child debate nice under.,2022-05-02 22:31:03.000000,2022-05-31 00:18:44.421258,319,38,21
Shoulder detail tax the wonder produce.,2022-05-22 13:47:16.000000,2022-05-31 00:18:44.421258,320,8,186
Gas time produce page particular land few.,2022-05-03 16:12:32.000000,2022-05-31 00:18:44.421258,321,6,146
House design lot yeah reason bag likely wait.,2022-05-06 03:49:45.000000,2022-05-31 00:18:44.421258,322,36,135
Company maybe more build yeah southern.,2022-05-13 07:06:27.000000,2022-05-31 00:18:44.421258,323,22,143
Reason central name shoulder candidate learn.,2022-05-19 13:12:19.000000,2022-05-31 00:18:44.421258,324,40,43
Surface draw read movement apply consider.,2022-05-23 18:00:29.000000,2022-05-31 00:18:44.421258,325,9,142
Under strategy career computer theory task north science.,2022-05-04 02:56:05.000000,2022-05-31 00:18:44.421258,326,38,36
Different order provide.,2022-05-05 21:01:09.000000,2022-05-31 00:18:44.422255,327,23,53
This international food relationship teach from.,2022-05-14 19:31:31.000000,2022-05-31 00:18:44.422255,328,4,62
State thank commercial training always large large.,2022-05-13 09:58:22.000000,2022-05-31 00:18:44.422255,329,24,139
Miss dinner project memory.,2022-05-07 14:13:12.000000,2022-05-31 00:18:44.422255,330,34,137
Word though country.,2022-05-26 13:22:05.000000,2022-05-31 00:18:44.422255,331,26,25
Maintain guess way.,2022-05-17 04:03:47.000000,2022-05-31 00:18:44.422255,332,38,165
A only decade clear morning imagine stuff.,2022-05-27 23:29:30.000000,2022-05-31 00:18:44.422255,333,12,125
Good here for forward society standard.,2022-05-16 14:30:14.000000,2022-05-31 00:18:44.422255,334,38,35
Might do little building finally strong operation.,2022-05-28 15:04:34.000000,2022-05-31 00:18:44.423253,335,37,4
Career start few.,2022-05-28 20:20:06.000000,2022-05-31 00:18:44.423253,336,32,93
Certainly room run success person federal network first.,2022-05-01 22:19:32.000000,2022-05-31 00:18:44.423253,337,17,14
Baby language yet leave others commercial with human.,2022-05-27 17:49:09.000000,2022-05-31 00:18:44.423253,338,36,90
Fine myself amount college agreement maybe.,2022-05-22 03:47:47.000000,2022-05-31 00:18:44.424257,339,15,57
Few four miss let.,2022-05-05 07:24:49.000000,2022-05-31 00:18:44.424257,340,2,175
Policy whatever treat there.,2022-05-17 06:02:56.000000,2022-05-31 00:18:44.424257,341,11,134
Central practice wind anyone sit program.,2022-05-03 09:52:56.000000,2022-05-31 00:18:44.425254,342,19,112
Garden yet many big last doctor everything alone.,2022-05-18 18:07:54.000000,2022-05-31 00:18:44.425254,343,22,22
Other much rest.,2022-05-07 02:19:08.000000,2022-05-31 00:18:44.426245,344,38,131
Bar consumer head.,2022-05-26 01:24:29.000000,2022-05-31 00:18:44.426245,345,45,31
Machine team mention win offer happen.,2022-05-10 18:27:15.000000,2022-05-31 00:18:44.426245,346,2,56
Indicate executive list rise successful couple structure.,2022-05-02 21:37:18.000000,2022-05-31 00:18:44.426245,347,17,13
Administration food call ball.,2022-05-25 01:21:59.000000,2022-05-31 00:18:44.427242,348,11,10
Face world news program if.,2022-05-02 18:05:21.000000,2022-05-31 00:18:44.427242,349,29,124
Just travel policy minute around institution.,2022-05-13 00:59:41.000000,2022-05-31 00:18:44.427242,350,39,183
Avoid commercial coach claim.,2022-05-16 20:23:29.000000,2022-05-31 00:18:44.427242,351,8,122
Some light site.,2022-05-12 14:59:04.000000,2022-05-31 00:18:44.427242,352,33,123
Under religious husband find both town.,2022-05-26 12:01:53.000000,2022-05-31 00:18:44.428240,353,19,194
Value through animal charge seek my back.,2022-05-30 23:55:21.000000,2022-05-31 00:18:44.428240,354,48,157
Life determine outside order report such.,2022-05-24 20:19:10.000000,2022-05-31 00:18:44.428240,355,23,102
Able it civil theory until table happy with.,2022-05-08 22:01:29.000000,2022-05-31 00:18:44.428240,356,37,140
Budget only design law set.,2022-05-02 15:45:06.000000,2022-05-31 00:18:44.428240,357,13,96
Leader arrive test.,2022-05-09 20:00:44.000000,2022-05-31 00:18:44.429238,358,37,118
Step force data today cut.,2022-05-01 13:04:01.000000,2022-05-31 00:18:44.429238,359,27,41
Interest usually adult building.,2022-05-04 01:15:55.000000,2022-05-31 00:18:44.429238,360,45,22
Mean thought ready hair enough understand debate.,2022-05-19 10:33:13.000000,2022-05-31 00:18:44.429238,361,45,153
Wind develop too girl experience truth affect.,2022-05-08 06:29:58.000000,2022-05-31 00:18:44.429238,362,26,92
Cover fish go with staff while assume term.,2022-05-25 02:46:27.000000,2022-05-31 00:18:44.429238,363,0,196
Talk firm particular it.,2022-05-26 10:29:54.000000,2022-05-31 00:18:44.429238,364,6,161
Individual rate forward.,2022-05-11 23:18:56.000000,2022-05-31 00:18:44.430234,365,32,149
Money station simply none.,2022-05-15 22:49:39.000000,2022-05-31 00:18:44.430234,366,6,27
Read Republican report night hotel amount family forward.,2022-05-15 16:53:25.000000,2022-05-31 00:18:44.430234,367,37,164
Door society Republican point.,2022-05-28 07:19:47.000000,2022-05-31 00:18:44.430234,368,2,77
Experience bag begin national husband miss.,2022-05-08 07:13:29.000000,2022-05-31 00:18:44.430234,369,10,197
Whom nearly professional drug charge program.,2022-05-12 20:45:26.000000,2022-05-31 00:18:44.430234,370,44,141
Clear shake sister tough ok international information.,2022-05-09 15:54:58.000000,2022-05-31 00:18:44.430234,371,8,52
She court point suffer fast.,2022-05-23 18:37:43.000000,2022-05-31 00:18:44.430234,372,44,59
Number maintain score account.,2022-05-03 00:42:09.000000,2022-05-31 00:18:44.431232,373,31,157
Bring lead each own.,2022-05-19 13:10:15.000000,2022-05-31 00:18:44.431232,374,21,147
Executive wonder manager affect huge price white.,2022-05-25 16:41:02.000000,2022-05-31 00:18:44.431232,375,32,161
Smile both win hear change article owner.,2022-05-16 05:12:38.000000,2022-05-31 00:18:44.431232,376,14,105
Property exactly situation standard federal protect lead cause.,2022-05-25 13:42:57.000000,2022-05-31 00:18:44.431232,377,49,5
New from region energy receive manage sing write.,2022-05-09 00:48:00.000000,2022-05-31 00:18:44.431232,378,29,25
Media only fall deep chance recently.,2022-05-07 10:44:05.000000,2022-05-31 00:18:44.431232,379,42,47
Career people six dinner improve.,2022-05-09 19:42:51.000000,2022-05-31 00:18:44.432229,380,8,69
Especially Republican husband note.,2022-05-08 22:07:38.000000,2022-05-31 00:18:44.432229,381,12,165
One language house task art.,2022-05-26 15:21:43.000000,2022-05-31 00:18:44.432229,382,23,58
Task feel game.,2022-05-11 16:39:45.000000,2022-05-31 00:18:44.432229,383,44,37
Guy country old pressure oil offer.,2022-05-12 21:20:13.000000,2022-05-31 00:18:44.432229,384,31,88
Through investment majority common seem.,2022-05-05 00:58:46.000000,2022-05-31 00:18:44.432229,385,32,183
Local else support feeling whole.,2022-05-20 12:29:59.000000,2022-05-31 00:18:44.432229,386,45,130
Others expect discover remain power want answer mother.,2022-05-08 09:24:07.000000,2022-05-31 00:18:44.433226,387,32,120
List involve with since environmental may say.,2022-05-13 15:14:01.000000,2022-05-31 00:18:44.433226,388,9,127
Week wind quality say.,2022-05-03 03:15:52.000000,2022-05-31 00:18:44.433226,389,38,54
Strategy section dog finally again.,2022-05-29 12:38:49.000000,2022-05-31 00:18:44.433226,390,49,19
Listen if whether administration.,2022-05-03 23:50:11.000000,2022-05-31 00:18:44.433226,391,26,72
It indicate sing political next everything.,2022-05-27 08:02:29.000000,2022-05-31 00:18:44.433226,392,25,25
All position course course watch person deep maintain.,2022-05-13 18:50:22.000000,2022-05-31 00:18:44.433226,393,9,118
Strong across deep board property important.,2022-05-25 08:51:19.000000,2022-05-31 00:18:44.434224,394,3,59
Box physical themselves high up responsibility.,2022-05-01 17:18:32.000000,2022-05-31 00:18:44.434224,395,48,66
Also reveal offer pick risk news stage.,2022-05-17 01:06:39.000000,2022-05-31 00:18:44.434224,396,1,30
Agree bring organization address past any interview.,2022-05-17 16:31:00.000000,2022-05-31 00:18:44.434224,397,7,13
Task time upon protect garden.,2022-05-19 19:43:58.000000,2022-05-31 00:18:44.434224,398,30,93
Carry war measure feeling yard total on street.,2022-05-26 06:34:50.000000,2022-05-31 00:18:44.434224,399,35,197
