created_at,updated_at,id,liker_id,photo_id
2022-05-01 02:26:43.000000,2022-05-31 00:18:40.993407,0,20,198
2022-05-01 14:53:50.000000,2022-05-31 00:18:40.993407,1,45,26
2022-05-23 01:05:23.000000,2022-05-31 00:18:40.993407,2,38,40
2022-05-05 20:03:31.000000,2022-05-31 00:18:40.994402,3,10,58
2022-05-13 16:30:46.000000,2022-05-31 00:18:40.994402,4,48,90
2022-05-15 15:26:00.000000,2022-05-31 00:18:40.994402,5,21,70
2022-05-11 03:28:21.000000,2022-05-31 00:18:40.994402,6,37,191
2022-05-15 00:55:26.000000,2022-05-31 00:18:40.994402,7,49,52
2022-05-07 21:29:18.000000,2022-05-31 00:18:40.995399,8,18,110
2022-05-12 05:21:21.000000,2022-05-31 00:18:40.995399,9,17,22
2022-05-12 11:55:50.000000,2022-05-31 00:18:40.995399,10,16,99
2022-05-07 07:58:46.000000,2022-05-31 00:18:40.995399,11,22,4
2022-05-27 07:22:27.000000,2022-05-31 00:18:40.995399,12,47,50
2022-05-12 02:51:43.000000,2022-05-31 00:18:40.995399,13,20,174
2022-05-10 09:51:37.000000,2022-05-31 00:18:40.996397,14,47,15
2022-05-16 06:42:41.000000,2022-05-31 00:18:40.996397,15,48,198
2022-05-03 18:53:17.000000,2022-05-31 00:18:40.996397,16,44,94
2022-05-06 04:56:27.000000,2022-05-31 00:18:40.996397,17,48,73
2022-05-16 12:01:46.000000,2022-05-31 00:18:40.996397,18,9,39
2022-05-08 11:06:31.000000,2022-05-31 00:18:40.996397,19,14,163
2022-05-10 05:28:54.000000,2022-05-31 00:18:40.997394,20,42,190
2022-05-14 16:10:34.000000,2022-05-31 00:18:40.997394,21,12,145
2022-05-09 12:53:01.000000,2022-05-31 00:18:40.997394,22,18,85
2022-05-23 18:15:03.000000,2022-05-31 00:18:40.997394,23,6,107
2022-05-20 04:00:56.000000,2022-05-31 00:18:40.997394,24,42,170
2022-05-17 13:01:38.000000,2022-05-31 00:18:40.997394,25,38,39
2022-05-24 02:37:35.000000,2022-05-31 00:18:40.998390,26,9,146
2022-05-24 00:05:34.000000,2022-05-31 00:18:40.998390,27,43,80
2022-05-04 18:23:36.000000,2022-05-31 00:18:40.998390,28,49,63
2022-05-15 07:14:42.000000,2022-05-31 00:18:40.998390,29,42,109
2022-05-27 08:50:48.000000,2022-05-31 00:18:40.998390,30,8,114
2022-05-26 02:23:52.000000,2022-05-31 00:18:40.998390,31,38,161
2022-05-01 08:45:55.000000,2022-05-31 00:18:40.999388,32,24,51
2022-05-30 00:43:55.000000,2022-05-31 00:18:40.999388,33,15,93
2022-05-01 11:50:52.000000,2022-05-31 00:18:40.999388,34,19,29
2022-05-21 13:56:48.000000,2022-05-31 00:18:41.000393,35,28,185
2022-05-10 01:47:22.000000,2022-05-31 00:18:41.000393,36,30,173
2022-05-01 23:57:47.000000,2022-05-31 00:18:41.000393,37,3,35
2022-05-08 00:40:33.000000,2022-05-31 00:18:41.000393,38,47,73
2022-05-12 21:33:05.000000,2022-05-31 00:18:41.000393,39,22,41
2022-05-12 10:40:03.000000,2022-05-31 00:18:41.000393,40,44,159
2022-05-06 20:30:46.000000,2022-05-31 00:18:41.001383,41,0,121
2022-05-17 23:02:55.000000,2022-05-31 00:18:41.001383,42,24,15
2022-05-17 16:14:01.000000,2022-05-31 00:18:41.001383,43,31,31
2022-05-11 21:44:40.000000,2022-05-31 00:18:41.001383,44,44,199
2022-05-14 04:16:53.000000,2022-05-31 00:18:41.001383,45,6,157
2022-05-04 00:56:05.000000,2022-05-31 00:18:41.002381,46,35,21
2022-05-13 11:48:46.000000,2022-05-31 00:18:41.002381,47,16,196
2022-05-27 08:27:57.000000,2022-05-31 00:18:41.002381,48,14,72
2022-05-19 09:01:25.000000,2022-05-31 00:18:41.002381,49,2,195
2022-05-16 09:52:52.000000,2022-05-31 00:18:41.002381,50,3,103
2022-05-28 22:10:06.000000,2022-05-31 00:18:41.002381,51,19,197
2022-05-10 22:08:42.000000,2022-05-31 00:18:41.002381,52,20,158
2022-05-08 22:55:31.000000,2022-05-31 00:18:41.002381,53,36,71
2022-05-07 22:42:59.000000,2022-05-31 00:18:41.002381,54,48,190
2022-05-19 18:31:05.000000,2022-05-31 00:18:41.003378,55,28,122
2022-05-13 03:02:45.000000,2022-05-31 00:18:41.003378,56,5,64
2022-05-30 18:08:21.000000,2022-05-31 00:18:41.003378,57,15,120
2022-05-23 16:41:13.000000,2022-05-31 00:18:41.003378,58,48,66
2022-05-18 11:36:53.000000,2022-05-31 00:18:41.003378,59,47,22
2022-05-27 02:21:06.000000,2022-05-31 00:18:41.003378,60,48,77
2022-05-07 14:36:31.000000,2022-05-31 00:18:41.003378,61,28,181
2022-05-10 07:34:56.000000,2022-05-31 00:18:41.003378,62,11,186
2022-05-21 19:07:17.000000,2022-05-31 00:18:41.004378,63,45,168
2022-05-20 00:14:41.000000,2022-05-31 00:18:41.004378,64,28,140
2022-05-26 13:07:29.000000,2022-05-31 00:18:41.004378,65,6,199
2022-05-26 12:23:01.000000,2022-05-31 00:18:41.004378,66,44,62
2022-05-29 04:21:51.000000,2022-05-31 00:18:41.004378,67,20,121
2022-05-22 21:50:45.000000,2022-05-31 00:18:41.004378,68,47,11
2022-05-10 11:52:00.000000,2022-05-31 00:18:41.004378,69,22,41
2022-05-22 05:33:41.000000,2022-05-31 00:18:41.004378,70,47,146
2022-05-14 13:39:47.000000,2022-05-31 00:18:41.004378,71,24,56
2022-05-18 23:42:20.000000,2022-05-31 00:18:41.004378,72,9,88
2022-05-01 21:36:10.000000,2022-05-31 00:18:41.005375,73,38,17
2022-05-21 13:34:58.000000,2022-05-31 00:18:41.005375,74,34,59
2022-05-13 06:23:50.000000,2022-05-31 00:18:41.005375,75,20,122
2022-05-29 23:37:42.000000,2022-05-31 00:18:41.005375,76,31,126
2022-05-25 07:47:37.000000,2022-05-31 00:18:41.005375,77,11,147
2022-05-16 15:49:27.000000,2022-05-31 00:18:41.005375,78,4,38
2022-05-20 13:26:07.000000,2022-05-31 00:18:41.005375,79,40,22
2022-05-28 12:01:44.000000,2022-05-31 00:18:41.005375,80,28,118
2022-05-12 18:16:22.000000,2022-05-31 00:18:41.005375,81,31,161
2022-05-28 10:47:37.000000,2022-05-31 00:18:41.005375,82,9,44
2022-05-01 23:54:25.000000,2022-05-31 00:18:41.005375,83,8,193
2022-05-21 10:54:44.000000,2022-05-31 00:18:41.006371,84,4,165
2022-05-10 11:22:01.000000,2022-05-31 00:18:41.006371,85,3,56
2022-05-11 21:30:51.000000,2022-05-31 00:18:41.006371,86,38,1
2022-05-05 14:36:45.000000,2022-05-31 00:18:41.006371,87,11,147
2022-05-28 20:21:31.000000,2022-05-31 00:18:41.006371,88,47,52
2022-05-12 23:24:29.000000,2022-05-31 00:18:41.006371,89,1,96
2022-05-28 10:15:56.000000,2022-05-31 00:18:41.006371,90,46,175
2022-05-10 05:35:27.000000,2022-05-31 00:18:41.006371,91,18,181
2022-05-18 10:11:49.000000,2022-05-31 00:18:41.006371,92,11,14
2022-05-24 01:31:16.000000,2022-05-31 00:18:41.006371,93,46,13
2022-05-01 17:28:27.000000,2022-05-31 00:18:41.007367,94,25,49
2022-05-15 16:41:12.000000,2022-05-31 00:18:41.007367,95,5,183
2022-05-20 10:56:46.000000,2022-05-31 00:18:41.007367,96,42,173
2022-05-03 14:18:57.000000,2022-05-31 00:18:41.007367,97,29,183
2022-05-01 19:04:13.000000,2022-05-31 00:18:41.007367,98,42,3
2022-05-09 08:28:35.000000,2022-05-31 00:18:41.007367,99,19,37
2022-05-22 21:22:03.000000,2022-05-31 00:18:41.007367,100,39,129
2022-05-01 09:43:53.000000,2022-05-31 00:18:41.007367,101,23,60
2022-05-10 08:06:24.000000,2022-05-31 00:18:41.008364,102,15,77
2022-05-17 14:40:27.000000,2022-05-31 00:18:41.008364,103,11,49
2022-05-23 08:34:07.000000,2022-05-31 00:18:41.008364,104,13,60
2022-05-04 18:20:53.000000,2022-05-31 00:18:41.008364,105,25,3
2022-05-07 08:36:15.000000,2022-05-31 00:18:41.008364,106,49,93
2022-05-20 21:11:07.000000,2022-05-31 00:18:41.008364,107,4,108
2022-05-23 20:57:22.000000,2022-05-31 00:18:41.008364,108,49,7
2022-05-17 09:49:28.000000,2022-05-31 00:18:41.009373,109,32,73
2022-05-24 03:01:50.000000,2022-05-31 00:18:41.009373,110,34,12
2022-05-17 10:48:59.000000,2022-05-31 00:18:41.009373,111,27,144
2022-05-23 07:23:02.000000,2022-05-31 00:18:41.009373,112,1,13
2022-05-19 10:36:25.000000,2022-05-31 00:18:41.009373,113,1,59
2022-05-04 02:31:24.000000,2022-05-31 00:18:41.009373,114,20,159
2022-05-04 07:58:26.000000,2022-05-31 00:18:41.009373,115,24,75
2022-05-09 03:44:51.000000,2022-05-31 00:18:41.010384,116,48,119
2022-05-20 00:48:12.000000,2022-05-31 00:18:41.010384,117,1,80
2022-05-22 20:44:33.000000,2022-05-31 00:18:41.010384,118,24,107
2022-05-02 19:23:37.000000,2022-05-31 00:18:41.010384,119,12,22
2022-05-24 15:58:50.000000,2022-05-31 00:18:41.010384,120,2,139
2022-05-20 17:47:25.000000,2022-05-31 00:18:41.010384,121,37,7
2022-05-30 12:05:02.000000,2022-05-31 00:18:41.010384,122,47,194
2022-05-18 09:37:54.000000,2022-05-31 00:18:41.010384,123,17,34
2022-05-07 00:55:27.000000,2022-05-31 00:18:41.010384,124,49,44
2022-05-01 06:13:40.000000,2022-05-31 00:18:41.010384,125,48,71
2022-05-15 01:04:26.000000,2022-05-31 00:18:41.010384,126,44,144
2022-05-16 00:35:32.000000,2022-05-31 00:18:41.011380,127,11,58
2022-05-09 04:05:02.000000,2022-05-31 00:18:41.011380,128,22,167
2022-05-03 03:03:36.000000,2022-05-31 00:18:41.011380,129,6,58
2022-05-01 22:15:21.000000,2022-05-31 00:18:41.011380,130,12,165
2022-05-05 11:30:43.000000,2022-05-31 00:18:41.011380,131,30,75
2022-05-15 04:55:44.000000,2022-05-31 00:18:41.011380,132,15,88
2022-05-30 13:45:07.000000,2022-05-31 00:18:41.011380,133,8,188
2022-05-05 17:10:39.000000,2022-05-31 00:18:41.011380,134,9,76
2022-05-27 10:01:25.000000,2022-05-31 00:18:41.012381,135,7,37
2022-05-13 09:11:21.000000,2022-05-31 00:18:41.012381,136,42,148
2022-05-25 10:32:07.000000,2022-05-31 00:18:41.012381,137,18,20
2022-05-30 15:33:59.000000,2022-05-31 00:18:41.012381,138,12,149
2022-05-08 07:00:16.000000,2022-05-31 00:18:41.012381,139,23,25
2022-05-26 21:53:26.000000,2022-05-31 00:18:41.012381,140,1,70
2022-05-22 17:46:22.000000,2022-05-31 00:18:41.012381,141,26,5
2022-05-04 16:44:37.000000,2022-05-31 00:18:41.012381,142,24,190
2022-05-09 09:10:14.000000,2022-05-31 00:18:41.012381,143,43,15
2022-05-20 09:20:39.000000,2022-05-31 00:18:41.012381,144,20,45
2022-05-05 07:43:14.000000,2022-05-31 00:18:41.013375,145,25,112
2022-05-13 02:23:00.000000,2022-05-31 00:18:41.013375,146,4,31
2022-05-08 09:45:20.000000,2022-05-31 00:18:41.013375,147,9,191
2022-05-20 23:29:09.000000,2022-05-31 00:18:41.013375,148,2,62
2022-05-13 01:30:31.000000,2022-05-31 00:18:41.013375,149,48,130
2022-05-21 09:52:17.000000,2022-05-31 00:18:41.013375,150,39,136
2022-05-12 17:54:13.000000,2022-05-31 00:18:41.013375,151,28,103
2022-05-18 23:40:09.000000,2022-05-31 00:18:41.013375,152,35,84
2022-05-06 07:12:21.000000,2022-05-31 00:18:41.013375,153,23,150
2022-05-27 10:39:56.000000,2022-05-31 00:18:41.013375,154,32,157
2022-05-30 11:01:42.000000,2022-05-31 00:18:41.013375,155,24,9
2022-05-15 06:58:45.000000,2022-05-31 00:18:41.013375,156,48,111
2022-05-11 22:04:47.000000,2022-05-31 00:18:41.014372,157,9,73
2022-05-23 16:29:26.000000,2022-05-31 00:18:41.014372,158,45,102
2022-05-30 12:56:54.000000,2022-05-31 00:18:41.014372,159,43,20
2022-05-25 21:42:54.000000,2022-05-31 00:18:41.014372,160,23,64
2022-05-02 18:35:37.000000,2022-05-31 00:18:41.014372,161,46,39
2022-05-07 11:45:26.000000,2022-05-31 00:18:41.014372,162,39,182
2022-05-11 07:44:18.000000,2022-05-31 00:18:41.014372,163,5,15
2022-05-06 12:02:20.000000,2022-05-31 00:18:41.014372,164,16,42
2022-05-05 11:32:32.000000,2022-05-31 00:18:41.014372,165,39,15
2022-05-22 10:15:45.000000,2022-05-31 00:18:41.015370,166,24,147
2022-05-06 21:50:29.000000,2022-05-31 00:18:41.015370,167,36,64
2022-05-05 10:55:37.000000,2022-05-31 00:18:41.015370,168,27,142
2022-05-16 08:46:06.000000,2022-05-31 00:18:41.015370,169,21,123
2022-05-02 03:11:45.000000,2022-05-31 00:18:41.015370,170,38,131
2022-05-27 07:26:24.000000,2022-05-31 00:18:41.015370,171,47,84
2022-05-19 21:05:40.000000,2022-05-31 00:18:41.015370,172,26,129
2022-05-06 08:30:28.000000,2022-05-31 00:18:41.015370,173,8,185
2022-05-08 08:49:44.000000,2022-05-31 00:18:41.016342,174,21,14
2022-05-21 09:15:49.000000,2022-05-31 00:18:41.016342,175,12,78
2022-05-03 23:01:07.000000,2022-05-31 00:18:41.016342,176,17,169
2022-05-27 12:27:30.000000,2022-05-31 00:18:41.016342,177,47,197
2022-05-08 14:17:03.000000,2022-05-31 00:18:41.016342,178,32,98
2022-05-07 13:05:03.000000,2022-05-31 00:18:41.016342,179,47,150
2022-05-04 05:02:49.000000,2022-05-31 00:18:41.016342,180,14,13
2022-05-01 02:11:08.000000,2022-05-31 00:18:41.016342,181,43,109
2022-05-13 16:54:53.000000,2022-05-31 00:18:41.016342,182,31,86
2022-05-12 09:22:13.000000,2022-05-31 00:18:41.016342,183,40,88
2022-05-06 07:24:53.000000,2022-05-31 00:18:41.016342,184,46,178
2022-05-04 10:31:03.000000,2022-05-31 00:18:41.017338,185,11,183
2022-05-28 09:55:34.000000,2022-05-31 00:18:41.017338,186,38,28
2022-05-12 02:39:23.000000,2022-05-31 00:18:41.017338,187,5,17
2022-05-11 15:07:57.000000,2022-05-31 00:18:41.017338,188,15,171
2022-05-05 12:41:45.000000,2022-05-31 00:18:41.017338,189,42,164
2022-05-22 09:04:19.000000,2022-05-31 00:18:41.017338,190,24,9
2022-05-02 02:45:27.000000,2022-05-31 00:18:41.017338,191,21,150
2022-05-12 11:02:00.000000,2022-05-31 00:18:41.017338,192,48,47
2022-05-17 05:39:58.000000,2022-05-31 00:18:41.017338,193,24,149
2022-05-12 23:54:45.000000,2022-05-31 00:18:41.018336,194,38,131
2022-05-15 15:56:02.000000,2022-05-31 00:18:41.018336,195,15,70
2022-05-21 15:14:34.000000,2022-05-31 00:18:41.018336,196,44,122
2022-05-29 03:08:19.000000,2022-05-31 00:18:41.018336,197,38,13
2022-05-21 01:33:16.000000,2022-05-31 00:18:41.018336,198,16,18
2022-05-02 22:46:44.000000,2022-05-31 00:18:41.018336,199,34,58
2022-05-13 20:33:15.000000,2022-05-31 00:18:41.018336,200,12,73
2022-05-21 02:31:24.000000,2022-05-31 00:18:41.018336,201,37,15
2022-05-03 13:53:26.000000,2022-05-31 00:18:41.019334,202,18,24
2022-05-12 01:34:55.000000,2022-05-31 00:18:41.019334,203,24,152
2022-05-01 07:49:18.000000,2022-05-31 00:18:41.019334,204,43,40
2022-05-11 18:10:02.000000,2022-05-31 00:18:41.019334,205,8,59
2022-05-06 11:43:19.000000,2022-05-31 00:18:41.019334,206,16,166
2022-05-25 02:06:14.000000,2022-05-31 00:18:41.019334,207,21,57
2022-05-26 10:13:41.000000,2022-05-31 00:18:41.020331,208,33,8
2022-05-12 02:25:40.000000,2022-05-31 00:18:41.020331,209,14,75
2022-05-09 12:30:38.000000,2022-05-31 00:18:41.020331,210,33,125
2022-05-30 13:34:10.000000,2022-05-31 00:18:41.020331,211,1,136
2022-05-02 10:59:39.000000,2022-05-31 00:18:41.020331,212,43,120
2022-05-08 11:04:01.000000,2022-05-31 00:18:41.020331,213,45,29
2022-05-27 11:31:58.000000,2022-05-31 00:18:41.020331,214,22,164
2022-05-21 22:44:24.000000,2022-05-31 00:18:41.020331,215,33,58
2022-05-28 17:41:46.000000,2022-05-31 00:18:41.020331,216,14,149
2022-05-01 05:44:20.000000,2022-05-31 00:18:41.020331,217,13,22
2022-05-04 01:16:17.000000,2022-05-31 00:18:41.020331,218,9,15
2022-05-15 04:26:55.000000,2022-05-31 00:18:41.021328,219,49,132
2022-05-26 14:14:50.000000,2022-05-31 00:18:41.021328,220,4,190
2022-05-29 05:27:45.000000,2022-05-31 00:18:41.021328,221,19,20
2022-05-20 20:01:45.000000,2022-05-31 00:18:41.021328,222,14,145
2022-05-03 11:29:31.000000,2022-05-31 00:18:41.021328,223,45,115
2022-05-22 10:36:03.000000,2022-05-31 00:18:41.021328,224,14,91
2022-05-09 20:23:13.000000,2022-05-31 00:18:41.021328,225,12,13
2022-05-02 01:11:26.000000,2022-05-31 00:18:41.021328,226,44,161
2022-05-11 22:40:11.000000,2022-05-31 00:18:41.022325,227,18,6
2022-05-17 06:52:25.000000,2022-05-31 00:18:41.022325,228,6,41
2022-05-09 16:49:19.000000,2022-05-31 00:18:41.022325,229,28,166
2022-05-03 00:50:43.000000,2022-05-31 00:18:41.022325,230,31,93
2022-05-14 02:03:52.000000,2022-05-31 00:18:41.022325,231,34,119
2022-05-30 18:22:44.000000,2022-05-31 00:18:41.022325,232,33,9
2022-05-12 20:36:48.000000,2022-05-31 00:18:41.022325,233,36,192
2022-05-24 01:24:16.000000,2022-05-31 00:18:41.022325,234,44,177
2022-05-14 05:26:56.000000,2022-05-31 00:18:41.022325,235,13,73
2022-05-01 07:20:03.000000,2022-05-31 00:18:41.022325,236,2,137
2022-05-24 08:39:52.000000,2022-05-31 00:18:41.022325,237,36,87
2022-05-29 18:16:48.000000,2022-05-31 00:18:41.023322,238,11,127
2022-05-21 18:33:27.000000,2022-05-31 00:18:41.023322,239,48,102
2022-05-26 04:02:15.000000,2022-05-31 00:18:41.023322,240,17,197
2022-05-15 03:51:52.000000,2022-05-31 00:18:41.023322,241,1,95
2022-05-12 11:04:18.000000,2022-05-31 00:18:41.023322,242,5,184
2022-05-14 13:28:08.000000,2022-05-31 00:18:41.023322,243,39,136
2022-05-24 23:31:39.000000,2022-05-31 00:18:41.023322,244,10,188
2022-05-10 09:27:14.000000,2022-05-31 00:18:41.023322,245,39,184
2022-05-25 20:09:57.000000,2022-05-31 00:18:41.023322,246,4,80
2022-05-23 05:34:40.000000,2022-05-31 00:18:41.023322,247,7,25
2022-05-29 02:36:18.000000,2022-05-31 00:18:41.023322,248,15,21
2022-05-05 00:40:38.000000,2022-05-31 00:18:41.024319,249,41,133
2022-05-12 07:08:40.000000,2022-05-31 00:18:41.024319,250,11,61
2022-05-19 23:23:17.000000,2022-05-31 00:18:41.024319,251,5,194
2022-05-20 21:25:24.000000,2022-05-31 00:18:41.024319,252,21,189
2022-05-20 23:21:44.000000,2022-05-31 00:18:41.024319,253,34,38
2022-05-11 04:40:52.000000,2022-05-31 00:18:41.024319,254,20,17
2022-05-05 02:58:20.000000,2022-05-31 00:18:41.025319,255,1,179
2022-05-01 03:09:27.000000,2022-05-31 00:18:41.025319,256,12,100
2022-05-26 10:55:16.000000,2022-05-31 00:18:41.025319,257,17,177
2022-05-10 09:21:49.000000,2022-05-31 00:18:41.025319,258,30,163
2022-05-16 05:30:45.000000,2022-05-31 00:18:41.025319,259,46,3
2022-05-22 08:37:34.000000,2022-05-31 00:18:41.025319,260,29,133
2022-05-15 08:14:40.000000,2022-05-31 00:18:41.026315,261,41,19
2022-05-10 14:53:08.000000,2022-05-31 00:18:41.026315,262,47,125
2022-05-08 21:16:18.000000,2022-05-31 00:18:41.026315,263,8,162
2022-05-04 08:49:40.000000,2022-05-31 00:18:41.026315,264,36,46
2022-05-23 18:53:57.000000,2022-05-31 00:18:41.026315,265,32,62
2022-05-20 06:20:20.000000,2022-05-31 00:18:41.027313,266,7,162
2022-05-30 03:11:19.000000,2022-05-31 00:18:41.027313,267,39,100
2022-05-12 06:17:57.000000,2022-05-31 00:18:41.027313,268,3,32
2022-05-07 04:20:01.000000,2022-05-31 00:18:41.027313,269,1,115
2022-05-20 16:29:14.000000,2022-05-31 00:18:41.027313,270,33,131
2022-05-18 23:27:08.000000,2022-05-31 00:18:41.027313,271,30,168
2022-05-03 14:28:13.000000,2022-05-31 00:18:41.027313,272,24,34
2022-05-15 15:59:13.000000,2022-05-31 00:18:41.027313,273,38,54
2022-05-10 05:55:29.000000,2022-05-31 00:18:41.028314,274,47,82
2022-05-08 07:58:18.000000,2022-05-31 00:18:41.028314,275,36,109
2022-05-03 23:36:48.000000,2022-05-31 00:18:41.028314,276,39,51
2022-05-09 13:26:07.000000,2022-05-31 00:18:41.028314,277,9,95
2022-05-01 19:46:40.000000,2022-05-31 00:18:41.028314,278,7,175
2022-05-13 19:27:22.000000,2022-05-31 00:18:41.028314,279,41,167
2022-05-25 16:23:08.000000,2022-05-31 00:18:41.028314,280,45,195
2022-05-14 02:02:27.000000,2022-05-31 00:18:41.028314,281,46,170
2022-05-06 14:57:56.000000,2022-05-31 00:18:41.028314,282,15,69
2022-05-10 04:51:24.000000,2022-05-31 00:18:41.028314,283,23,175
2022-05-06 13:14:22.000000,2022-05-31 00:18:41.028314,284,1,140
2022-05-17 12:40:13.000000,2022-05-31 00:18:41.029307,285,14,148
2022-05-29 12:08:24.000000,2022-05-31 00:18:41.029307,286,11,27
2022-05-02 10:49:49.000000,2022-05-31 00:18:41.029307,287,17,12
2022-05-13 16:52:13.000000,2022-05-31 00:18:41.029307,288,8,110
2022-05-01 09:20:49.000000,2022-05-31 00:18:41.029307,289,2,43
2022-05-18 19:52:00.000000,2022-05-31 00:18:41.029307,290,33,166
2022-05-06 07:33:22.000000,2022-05-31 00:18:41.029307,291,35,133
2022-05-01 16:26:33.000000,2022-05-31 00:18:41.029307,292,23,92
2022-05-02 12:51:31.000000,2022-05-31 00:18:41.029307,293,42,139
2022-05-27 13:30:39.000000,2022-05-31 00:18:41.029307,294,30,79
2022-05-15 15:47:13.000000,2022-05-31 00:18:41.029307,295,23,166
2022-05-16 22:00:12.000000,2022-05-31 00:18:41.030303,296,7,88
2022-05-16 10:20:59.000000,2022-05-31 00:18:41.030303,297,2,136
2022-05-24 12:26:49.000000,2022-05-31 00:18:41.030303,298,17,148
2022-05-17 05:09:09.000000,2022-05-31 00:18:41.030303,299,13,57
2022-05-24 08:37:43.000000,2022-05-31 00:18:41.030303,300,47,124
2022-05-15 01:26:32.000000,2022-05-31 00:18:41.030303,301,16,173
2022-05-12 01:54:50.000000,2022-05-31 00:18:41.030303,302,21,171
2022-05-03 07:45:06.000000,2022-05-31 00:18:41.030303,303,7,41
2022-05-22 10:58:42.000000,2022-05-31 00:18:41.030303,304,21,127
2022-05-17 17:05:02.000000,2022-05-31 00:18:41.030303,305,15,87
2022-05-22 09:32:28.000000,2022-05-31 00:18:41.030303,306,47,151
2022-05-15 02:38:32.000000,2022-05-31 00:18:41.031301,307,42,123
2022-05-28 17:48:45.000000,2022-05-31 00:18:41.031301,308,28,130
2022-05-29 03:55:24.000000,2022-05-31 00:18:41.031301,309,37,156
2022-05-26 12:15:51.000000,2022-05-31 00:18:41.031301,310,48,111
2022-05-29 15:12:27.000000,2022-05-31 00:18:41.031301,311,0,89
2022-05-25 16:42:29.000000,2022-05-31 00:18:41.031301,312,47,159
2022-05-21 15:49:14.000000,2022-05-31 00:18:41.031301,313,0,174
2022-05-30 09:42:01.000000,2022-05-31 00:18:41.032299,314,9,91
2022-05-18 04:06:43.000000,2022-05-31 00:18:41.032299,315,4,170
2022-05-01 09:16:14.000000,2022-05-31 00:18:41.032299,316,16,103
2022-05-11 20:07:58.000000,2022-05-31 00:18:41.032299,317,7,167
2022-05-04 20:04:55.000000,2022-05-31 00:18:41.032299,318,18,188
2022-05-28 07:05:09.000000,2022-05-31 00:18:41.032299,319,34,107
2022-05-27 20:03:42.000000,2022-05-31 00:18:41.032299,320,43,100
2022-05-15 07:13:36.000000,2022-05-31 00:18:41.032299,321,12,75
2022-05-15 06:45:02.000000,2022-05-31 00:18:41.032299,322,16,106
2022-05-14 01:49:22.000000,2022-05-31 00:18:41.032299,323,20,108
2022-05-16 18:09:01.000000,2022-05-31 00:18:41.033296,324,23,4
2022-05-14 04:56:51.000000,2022-05-31 00:18:41.033296,325,45,118
2022-05-07 22:45:10.000000,2022-05-31 00:18:41.033296,326,33,76
2022-05-03 02:18:52.000000,2022-05-31 00:18:41.033296,327,3,99
2022-05-21 15:39:21.000000,2022-05-31 00:18:41.033296,328,12,2
2022-05-05 12:34:27.000000,2022-05-31 00:18:41.033296,329,12,198
2022-05-28 07:32:25.000000,2022-05-31 00:18:41.033296,330,45,127
2022-05-25 19:25:06.000000,2022-05-31 00:18:41.033296,331,26,173
2022-05-04 15:45:15.000000,2022-05-31 00:18:41.033296,332,31,167
2022-05-27 12:05:02.000000,2022-05-31 00:18:41.033296,333,16,155
2022-05-03 12:46:51.000000,2022-05-31 00:18:41.033296,334,20,35
2022-05-29 11:12:00.000000,2022-05-31 00:18:41.034293,335,19,11
2022-05-21 17:49:16.000000,2022-05-31 00:18:41.034293,336,15,16
2022-05-21 11:47:53.000000,2022-05-31 00:18:41.034293,337,25,19
2022-05-10 22:17:47.000000,2022-05-31 00:18:41.034293,338,22,56
2022-05-02 02:47:12.000000,2022-05-31 00:18:41.034293,339,2,107
2022-05-27 15:12:14.000000,2022-05-31 00:18:41.034293,340,21,157
2022-05-30 13:28:57.000000,2022-05-31 00:18:41.034293,341,14,160
2022-05-30 09:16:34.000000,2022-05-31 00:18:41.034293,342,10,11
2022-05-01 04:51:16.000000,2022-05-31 00:18:41.034293,343,11,60
2022-05-01 08:25:45.000000,2022-05-31 00:18:41.034293,344,20,18
2022-05-03 06:33:30.000000,2022-05-31 00:18:41.035290,345,37,32
2022-05-18 14:48:15.000000,2022-05-31 00:18:41.035290,346,19,84
2022-05-27 00:33:53.000000,2022-05-31 00:18:41.035290,347,29,92
2022-05-05 22:00:10.000000,2022-05-31 00:18:41.035290,348,18,128
2022-05-05 15:55:44.000000,2022-05-31 00:18:41.035290,349,32,2
2022-05-16 01:01:20.000000,2022-05-31 00:18:41.035290,350,49,133
2022-05-20 12:32:28.000000,2022-05-31 00:18:41.035290,351,19,173
2022-05-06 20:10:37.000000,2022-05-31 00:18:41.036289,352,24,57
2022-05-08 00:15:46.000000,2022-05-31 00:18:41.036289,353,42,155
2022-05-08 15:05:02.000000,2022-05-31 00:18:41.036289,354,1,44
2022-05-16 23:15:27.000000,2022-05-31 00:18:41.036289,355,38,14
2022-05-28 23:07:57.000000,2022-05-31 00:18:41.036289,356,35,77
2022-05-21 22:27:45.000000,2022-05-31 00:18:41.036289,357,32,53
2022-05-20 21:44:18.000000,2022-05-31 00:18:41.036289,358,41,111
2022-05-06 07:34:06.000000,2022-05-31 00:18:41.036289,359,42,108
2022-05-30 20:25:54.000000,2022-05-31 00:18:41.037285,360,37,145
2022-05-12 04:07:58.000000,2022-05-31 00:18:41.037285,361,23,158
2022-05-25 15:14:12.000000,2022-05-31 00:18:41.037285,362,48,49
2022-05-01 10:00:56.000000,2022-05-31 00:18:41.037285,363,48,76
2022-05-25 07:26:15.000000,2022-05-31 00:18:41.037285,364,14,163
2022-05-27 03:27:05.000000,2022-05-31 00:18:41.037285,365,13,187
2022-05-22 05:37:10.000000,2022-05-31 00:18:41.037285,366,42,29
2022-05-20 12:05:33.000000,2022-05-31 00:18:41.037285,367,48,91
2022-05-20 06:30:30.000000,2022-05-31 00:18:41.037285,368,12,79
2022-05-28 06:54:05.000000,2022-05-31 00:18:41.038282,369,23,17
2022-05-06 07:23:39.000000,2022-05-31 00:18:41.038282,370,39,125
2022-05-29 07:57:29.000000,2022-05-31 00:18:41.038282,371,23,186
2022-05-01 08:59:18.000000,2022-05-31 00:18:41.038282,372,13,175
2022-05-02 17:22:36.000000,2022-05-31 00:18:41.038282,373,14,197
2022-05-10 00:13:35.000000,2022-05-31 00:18:41.038282,374,21,155
2022-05-30 12:15:59.000000,2022-05-31 00:18:41.038282,375,6,155
2022-05-09 00:21:54.000000,2022-05-31 00:18:41.038282,376,15,81
2022-05-19 23:51:20.000000,2022-05-31 00:18:41.038282,377,17,76
2022-05-06 22:22:32.000000,2022-05-31 00:18:41.038282,378,39,72
2022-05-11 03:19:18.000000,2022-05-31 00:18:41.038282,379,2,134
2022-05-17 07:42:54.000000,2022-05-31 00:18:41.039280,380,20,106
2022-05-05 21:19:50.000000,2022-05-31 00:18:41.039280,381,22,108
2022-05-15 10:12:43.000000,2022-05-31 00:18:41.039280,382,10,47
2022-05-07 03:12:38.000000,2022-05-31 00:18:41.039280,383,27,3
2022-05-20 11:12:47.000000,2022-05-31 00:18:41.039280,384,16,67
2022-05-04 11:41:54.000000,2022-05-31 00:18:41.039280,385,7,65
2022-05-13 16:54:54.000000,2022-05-31 00:18:41.039280,386,9,177
2022-05-24 20:38:36.000000,2022-05-31 00:18:41.039280,387,0,120
2022-05-08 20:01:27.000000,2022-05-31 00:18:41.039280,388,34,182
2022-05-02 19:59:57.000000,2022-05-31 00:18:41.039280,389,46,153
2022-05-14 09:41:19.000000,2022-05-31 00:18:41.039280,390,20,121
2022-05-23 19:14:40.000000,2022-05-31 00:18:41.040277,391,31,163
2022-05-12 04:36:52.000000,2022-05-31 00:18:41.040277,392,9,54
2022-05-11 04:12:26.000000,2022-05-31 00:18:41.040277,393,34,57
2022-05-29 11:25:14.000000,2022-05-31 00:18:41.040277,394,13,143
2022-05-16 20:40:24.000000,2022-05-31 00:18:41.040277,395,7,161
2022-05-25 05:52:14.000000,2022-05-31 00:18:41.040277,396,5,4
2022-05-06 17:27:15.000000,2022-05-31 00:18:41.040277,397,2,82
2022-05-25 14:34:10.000000,2022-05-31 00:18:41.040277,398,34,127
2022-05-10 21:00:33.000000,2022-05-31 00:18:41.040277,399,36,18
2022-05-30 02:15:07.000000,2022-05-31 00:18:41.040277,400,41,141
2022-05-25 13:29:41.000000,2022-05-31 00:18:41.040277,401,18,17
2022-05-12 19:27:10.000000,2022-05-31 00:18:41.041292,402,34,63
2022-05-08 19:53:54.000000,2022-05-31 00:18:41.041292,403,34,145
2022-05-07 02:50:18.000000,2022-05-31 00:18:41.041292,404,5,129
2022-05-05 07:20:24.000000,2022-05-31 00:18:41.041292,405,20,149
2022-05-11 17:26:06.000000,2022-05-31 00:18:41.041292,406,16,164
2022-05-03 14:17:29.000000,2022-05-31 00:18:41.041292,407,38,192
2022-05-12 09:15:06.000000,2022-05-31 00:18:41.041292,408,21,168
2022-05-27 08:47:25.000000,2022-05-31 00:18:41.041292,409,26,57
2022-05-02 08:55:40.000000,2022-05-31 00:18:41.042273,410,3,80
2022-05-07 10:38:40.000000,2022-05-31 00:18:41.042273,411,13,100
2022-05-05 13:50:55.000000,2022-05-31 00:18:41.042273,412,2,190
2022-05-30 05:52:32.000000,2022-05-31 00:18:41.042273,413,13,81
2022-05-12 14:31:57.000000,2022-05-31 00:18:41.042273,414,6,47
2022-05-28 13:07:25.000000,2022-05-31 00:18:41.042273,415,38,141
2022-05-18 04:34:31.000000,2022-05-31 00:18:41.042273,416,25,59
2022-05-24 06:25:53.000000,2022-05-31 00:18:41.042273,417,25,42
2022-05-29 23:55:22.000000,2022-05-31 00:18:41.042273,418,43,53
2022-05-29 12:52:39.000000,2022-05-31 00:18:41.042273,419,43,31
2022-05-27 12:38:16.000000,2022-05-31 00:18:41.042273,420,8,81
2022-05-20 06:47:41.000000,2022-05-31 00:18:41.043269,421,39,13
2022-05-05 06:49:31.000000,2022-05-31 00:18:41.043269,422,37,64
2022-05-10 23:18:46.000000,2022-05-31 00:18:41.043269,423,3,56
2022-05-28 08:18:24.000000,2022-05-31 00:18:41.043269,424,34,96
2022-05-30 19:17:50.000000,2022-05-31 00:18:41.043269,425,4,49
2022-05-08 21:52:43.000000,2022-05-31 00:18:41.043269,426,29,171
2022-05-21 03:31:34.000000,2022-05-31 00:18:41.043269,427,17,110
2022-05-08 17:31:33.000000,2022-05-31 00:18:41.043269,428,25,179
2022-05-06 05:21:14.000000,2022-05-31 00:18:41.043269,429,42,96
2022-05-22 13:59:02.000000,2022-05-31 00:18:41.043269,430,27,139
2022-05-17 02:40:48.000000,2022-05-31 00:18:41.043269,431,5,118
2022-05-10 06:38:36.000000,2022-05-31 00:18:41.044266,432,12,181
2022-05-24 10:32:30.000000,2022-05-31 00:18:41.044266,433,45,163
2022-05-09 08:24:28.000000,2022-05-31 00:18:41.044266,434,38,58
2022-05-26 15:31:02.000000,2022-05-31 00:18:41.044266,435,3,16
2022-05-13 16:39:40.000000,2022-05-31 00:18:41.044266,436,28,199
2022-05-29 00:17:59.000000,2022-05-31 00:18:41.044266,437,38,81
2022-05-02 18:06:10.000000,2022-05-31 00:18:41.044266,438,13,64
2022-05-19 05:13:48.000000,2022-05-31 00:18:41.044266,439,30,73
2022-05-15 05:07:02.000000,2022-05-31 00:18:41.044266,440,11,159
2022-05-08 14:23:27.000000,2022-05-31 00:18:41.044266,441,16,158
2022-05-05 21:53:49.000000,2022-05-31 00:18:41.045264,442,11,131
2022-05-28 23:12:13.000000,2022-05-31 00:18:41.045264,443,33,186
2022-05-13 14:32:05.000000,2022-05-31 00:18:41.045264,444,40,166
2022-05-16 06:52:50.000000,2022-05-31 00:18:41.045264,445,23,102
2022-05-07 05:25:21.000000,2022-05-31 00:18:41.045264,446,23,27
2022-05-25 23:31:50.000000,2022-05-31 00:18:41.045264,447,43,134
2022-05-21 02:38:06.000000,2022-05-31 00:18:41.045264,448,11,78
2022-05-08 10:01:19.000000,2022-05-31 00:18:41.045264,449,48,127
2022-05-29 00:46:54.000000,2022-05-31 00:18:41.045264,450,7,196
2022-05-03 05:27:50.000000,2022-05-31 00:18:41.045264,451,7,16
2022-05-27 08:49:52.000000,2022-05-31 00:18:41.045264,452,8,174
2022-05-24 23:24:44.000000,2022-05-31 00:18:41.046261,453,42,48
2022-05-13 04:25:15.000000,2022-05-31 00:18:41.046261,454,1,139
2022-05-22 20:07:05.000000,2022-05-31 00:18:41.046261,455,44,138
2022-05-06 10:21:49.000000,2022-05-31 00:18:41.046261,456,29,118
2022-05-09 14:36:36.000000,2022-05-31 00:18:41.046261,457,29,119
2022-05-12 07:53:15.000000,2022-05-31 00:18:41.046261,458,2,182
2022-05-20 09:43:12.000000,2022-05-31 00:18:41.046261,459,30,64
2022-05-14 02:35:09.000000,2022-05-31 00:18:41.046261,460,21,69
2022-05-08 14:23:33.000000,2022-05-31 00:18:41.046261,461,25,182
2022-05-27 06:51:56.000000,2022-05-31 00:18:41.046261,462,21,118
2022-05-15 16:34:36.000000,2022-05-31 00:18:41.046261,463,47,79
2022-05-09 08:13:30.000000,2022-05-31 00:18:41.046261,464,23,34
2022-05-29 18:55:28.000000,2022-05-31 00:18:41.047258,465,25,109
2022-05-08 15:19:04.000000,2022-05-31 00:18:41.047258,466,43,137
2022-05-30 08:49:28.000000,2022-05-31 00:18:41.047258,467,14,92
2022-05-25 20:57:37.000000,2022-05-31 00:18:41.047258,468,1,16
2022-05-20 04:55:56.000000,2022-05-31 00:18:41.048260,469,34,41
2022-05-06 20:32:47.000000,2022-05-31 00:18:41.048260,470,26,76
2022-05-18 08:09:00.000000,2022-05-31 00:18:41.048260,471,6,191
2022-05-03 07:58:36.000000,2022-05-31 00:18:41.048260,472,13,57
2022-05-26 05:06:13.000000,2022-05-31 00:18:41.048260,473,1,174
2022-05-25 07:57:02.000000,2022-05-31 00:18:41.048260,474,0,90
2022-05-30 05:06:16.000000,2022-05-31 00:18:41.048260,475,37,188
2022-05-30 11:06:09.000000,2022-05-31 00:18:41.048260,476,29,156
2022-05-24 04:43:31.000000,2022-05-31 00:18:41.048260,477,46,53
2022-05-29 21:04:15.000000,2022-05-31 00:18:41.049255,478,34,20
2022-05-22 07:26:52.000000,2022-05-31 00:18:41.049255,479,42,150
2022-05-06 17:30:50.000000,2022-05-31 00:18:41.049255,480,17,129
2022-05-14 12:58:11.000000,2022-05-31 00:18:41.049255,481,15,175
2022-05-14 03:05:09.000000,2022-05-31 00:18:41.049255,482,2,160
2022-05-10 08:13:35.000000,2022-05-31 00:18:41.049255,483,23,184
2022-05-15 07:55:40.000000,2022-05-31 00:18:41.049255,484,40,65
2022-05-03 10:43:55.000000,2022-05-31 00:18:41.049255,485,36,80
2022-05-15 01:50:21.000000,2022-05-31 00:18:41.049255,486,7,155
2022-05-08 04:19:13.000000,2022-05-31 00:18:41.049255,487,28,42
2022-05-12 16:49:08.000000,2022-05-31 00:18:41.050252,488,1,147
2022-05-28 00:43:41.000000,2022-05-31 00:18:41.050252,489,32,36
2022-05-20 16:15:08.000000,2022-05-31 00:18:41.050252,490,24,59
2022-05-14 09:47:29.000000,2022-05-31 00:18:41.050252,491,48,15
2022-05-01 22:40:50.000000,2022-05-31 00:18:41.050252,492,28,20
2022-05-15 00:38:41.000000,2022-05-31 00:18:41.050252,493,19,189
2022-05-22 02:12:21.000000,2022-05-31 00:18:41.050252,494,2,7
2022-05-30 14:14:32.000000,2022-05-31 00:18:41.050252,495,12,58
2022-05-25 10:48:52.000000,2022-05-31 00:18:41.050252,496,47,62
2022-05-02 00:51:24.000000,2022-05-31 00:18:41.050252,497,23,58
2022-05-11 04:39:12.000000,2022-05-31 00:18:41.051250,498,42,28
2022-05-25 14:25:53.000000,2022-05-31 00:18:41.051250,499,7,35
