created_at,updated_at,id,sender_id,recipient_id,status
2022-05-08 03:47:19.000000,2022-05-31 00:29:47.907871,0,25,17,true
2022-05-21 21:53:23.000000,2022-05-31 00:29:47.907871,1,10,12,true
2022-05-26 04:26:43.000000,2022-05-31 00:29:47.907871,2,27,20,true
2022-05-26 05:31:00.000000,2022-05-31 00:29:47.907871,3,43,22,true
2022-05-29 05:44:57.000000,2022-05-31 00:29:47.907871,4,36,0,true
2022-05-09 02:55:55.000000,2022-05-31 00:29:47.907871,5,12,28,true
2022-05-12 10:31:45.000000,2022-05-31 00:29:47.908867,6,45,31,true
2022-05-19 11:25:51.000000,2022-05-31 00:29:47.908867,7,2,18,true
2022-05-14 12:14:15.000000,2022-05-31 00:29:47.908867,8,46,17,true
2022-05-01 12:05:07.000000,2022-05-31 00:29:47.908867,9,45,28,true
2022-05-15 16:16:01.000000,2022-05-31 00:29:47.908867,10,1,45,true
2022-05-18 15:15:03.000000,2022-05-31 00:29:47.908867,11,22,24,true
2022-05-16 14:26:41.000000,2022-05-31 00:29:47.908867,12,26,46,true
2022-05-05 01:57:35.000000,2022-05-31 00:29:47.908867,13,33,27,true
2022-05-17 16:15:49.000000,2022-05-31 00:29:47.908867,14,27,13,true
2022-05-11 15:40:36.000000,2022-05-31 00:29:47.908867,15,28,38,true
2022-05-03 07:04:36.000000,2022-05-31 00:29:47.908867,16,16,25,true
2022-05-27 01:13:17.000000,2022-05-31 00:29:47.909864,17,16,14,true
2022-05-26 12:41:03.000000,2022-05-31 00:29:47.909864,18,17,3,true
2022-05-22 10:10:13.000000,2022-05-31 00:29:47.909864,19,26,46,false
2022-05-12 07:43:54.000000,2022-05-31 00:29:47.909864,20,39,26,true
2022-05-17 07:50:35.000000,2022-05-31 00:29:47.909864,21,9,11,true
2022-05-26 16:58:36.000000,2022-05-31 00:29:47.909864,22,47,11,false
2022-05-01 15:26:31.000000,2022-05-31 00:29:47.909864,23,36,7,true
2022-05-18 23:50:53.000000,2022-05-31 00:29:47.909864,24,16,13,true
2022-05-05 07:47:02.000000,2022-05-31 00:29:47.909864,25,49,42,true
2022-05-18 06:18:25.000000,2022-05-31 00:29:47.909864,26,45,15,true
2022-05-26 18:11:43.000000,2022-05-31 00:29:47.910861,27,7,41,true
2022-05-04 04:23:44.000000,2022-05-31 00:29:47.910861,28,19,4,true
2022-05-26 20:47:17.000000,2022-05-31 00:29:47.910861,29,16,11,true
2022-05-30 07:13:56.000000,2022-05-31 00:29:47.910861,30,0,33,true
2022-05-10 13:42:06.000000,2022-05-31 00:29:47.910861,31,1,25,false
2022-05-18 07:43:49.000000,2022-05-31 00:29:47.910861,32,40,10,true
2022-05-01 07:40:06.000000,2022-05-31 00:29:47.910861,33,34,44,true
2022-05-05 14:17:12.000000,2022-05-31 00:29:47.910861,34,37,19,true
2022-05-18 21:53:27.000000,2022-05-31 00:29:47.910861,35,47,39,true
2022-05-24 19:56:08.000000,2022-05-31 00:29:47.911858,36,21,49,true
2022-05-20 12:24:54.000000,2022-05-31 00:29:47.911858,38,31,20,true
2022-05-20 10:38:11.000000,2022-05-31 00:29:47.911858,39,35,9,true
2022-05-12 18:52:38.000000,2022-05-31 00:29:47.911858,40,43,18,true
2022-05-28 21:10:39.000000,2022-05-31 00:29:47.911858,41,16,44,true
2022-05-07 13:47:05.000000,2022-05-31 00:29:47.911858,42,4,41,true
2022-05-01 05:30:18.000000,2022-05-31 00:29:47.911858,43,45,39,true
2022-05-24 12:55:01.000000,2022-05-31 00:29:47.911858,44,13,23,true
2022-05-25 04:50:43.000000,2022-05-31 00:29:47.912856,45,26,4,true
2022-05-02 22:35:22.000000,2022-05-31 00:29:47.912856,46,34,42,true
2022-05-07 10:09:34.000000,2022-05-31 00:29:47.912856,47,19,31,true
2022-05-14 02:17:47.000000,2022-05-31 00:29:47.912856,48,39,29,false
2022-05-27 02:56:04.000000,2022-05-31 00:29:47.912856,49,46,14,true
2022-05-23 15:22:31.000000,2022-05-31 00:29:47.912856,50,42,23,true
2022-05-24 14:34:57.000000,2022-05-31 00:29:47.912856,51,25,28,true
2022-05-01 10:00:00.000000,2022-05-31 00:29:47.912856,52,49,3,true
2022-05-26 07:00:42.000000,2022-05-31 00:29:47.912856,53,18,25,true
2022-05-27 22:58:10.000000,2022-05-31 00:29:47.912856,54,20,18,true
2022-05-19 01:44:42.000000,2022-05-31 00:29:47.913853,55,12,15,true
2022-05-28 12:47:00.000000,2022-05-31 00:29:47.913853,56,12,39,true
2022-05-13 15:55:07.000000,2022-05-31 00:29:47.913853,57,21,7,true
2022-05-02 11:59:53.000000,2022-05-31 00:29:47.913853,58,26,23,true
2022-05-21 09:13:24.000000,2022-05-31 00:29:47.913853,59,5,45,true
2022-05-02 04:36:45.000000,2022-05-31 00:29:47.913853,60,14,1,true
2022-05-19 12:52:45.000000,2022-05-31 00:29:47.913853,61,27,6,true
2022-05-04 22:12:12.000000,2022-05-31 00:29:47.913853,62,3,19,true
2022-05-15 07:28:25.000000,2022-05-31 00:29:47.914849,63,2,0,true
2022-05-03 00:14:38.000000,2022-05-31 00:29:47.914849,64,14,13,true
2022-05-25 22:11:20.000000,2022-05-31 00:29:47.914849,65,17,49,true
2022-05-09 06:13:15.000000,2022-05-31 00:29:47.914849,66,39,9,true
2022-05-13 00:17:38.000000,2022-05-31 00:29:47.914849,67,36,11,false
2022-05-03 11:40:05.000000,2022-05-31 00:29:47.914849,68,23,4,true
2022-05-28 14:56:19.000000,2022-05-31 00:29:47.914849,69,22,25,true
2022-05-15 23:30:06.000000,2022-05-31 00:29:47.914849,70,44,12,true
2022-05-05 10:20:03.000000,2022-05-31 00:29:47.914849,71,22,42,true
2022-05-21 11:54:19.000000,2022-05-31 00:29:47.914849,72,4,12,false
2022-05-22 06:38:41.000000,2022-05-31 00:29:47.914849,73,19,41,false
2022-05-11 06:06:02.000000,2022-05-31 00:29:47.915849,74,20,40,true
2022-05-19 05:19:35.000000,2022-05-31 00:29:47.915849,75,35,36,true
2022-05-20 21:34:32.000000,2022-05-31 00:29:47.915849,76,22,4,true
2022-05-18 10:31:24.000000,2022-05-31 00:29:47.915849,77,25,38,true
2022-05-03 00:52:48.000000,2022-05-31 00:29:47.915849,78,45,25,true
2022-05-23 19:22:40.000000,2022-05-31 00:29:47.915849,79,14,19,true
2022-05-14 00:57:09.000000,2022-05-31 00:29:47.915849,80,14,4,true
2022-05-19 16:32:11.000000,2022-05-31 00:29:47.915849,81,4,27,true
2022-05-12 06:17:07.000000,2022-05-31 00:29:47.915849,82,38,41,true
2022-05-29 20:05:17.000000,2022-05-31 00:29:47.916846,83,43,8,true
2022-05-24 18:27:10.000000,2022-05-31 00:29:47.916846,84,40,29,true
2022-05-12 15:34:40.000000,2022-05-31 00:29:47.916846,85,47,1,true
2022-05-23 03:41:05.000000,2022-05-31 00:29:47.916846,86,41,43,true
2022-05-18 14:09:13.000000,2022-05-31 00:29:47.916846,87,5,48,true
2022-05-12 01:57:23.000000,2022-05-31 00:29:47.916846,88,40,22,false
2022-05-07 02:20:59.000000,2022-05-31 00:29:47.916846,89,11,47,true
2022-05-09 12:04:28.000000,2022-05-31 00:29:47.916846,90,36,46,true
2022-05-18 03:51:35.000000,2022-05-31 00:29:47.916846,91,19,0,true
2022-05-09 14:55:24.000000,2022-05-31 00:29:47.916846,92,9,39,true
2022-05-16 04:21:08.000000,2022-05-31 00:29:47.917842,93,25,2,true
2022-05-24 08:08:13.000000,2022-05-31 00:29:47.917842,94,4,15,true
2022-05-12 05:19:45.000000,2022-05-31 00:29:47.917842,95,26,17,true
2022-05-05 19:34:39.000000,2022-05-31 00:29:47.917842,96,3,45,true
2022-05-20 18:11:43.000000,2022-05-31 00:29:47.917842,97,2,45,true
2022-05-24 09:54:35.000000,2022-05-31 00:29:47.917842,98,35,12,true
2022-05-28 00:18:47.000000,2022-05-31 00:29:47.917842,99,49,37,true
2022-05-18 15:04:31.000000,2022-05-31 00:29:47.917842,100,34,15,true
2022-05-20 16:17:05.000000,2022-05-31 00:29:47.917842,101,45,20,true
2022-05-18 10:21:48.000000,2022-05-31 00:29:47.918840,102,49,28,true
2022-05-19 03:54:28.000000,2022-05-31 00:29:47.918840,103,11,39,false
2022-05-06 06:45:03.000000,2022-05-31 00:29:47.918840,104,18,14,true
2022-05-09 20:51:25.000000,2022-05-31 00:29:47.918840,105,12,6,true
2022-05-01 22:27:56.000000,2022-05-31 00:29:47.918840,106,48,33,true
2022-05-10 13:52:42.000000,2022-05-31 00:29:47.918840,107,45,24,true
2022-05-07 19:40:09.000000,2022-05-31 00:29:47.918840,108,9,40,true
2022-05-01 14:14:47.000000,2022-05-31 00:29:47.918840,109,49,33,true
2022-05-12 13:45:24.000000,2022-05-31 00:29:47.918840,110,9,26,true
2022-05-05 09:22:39.000000,2022-05-31 00:29:47.919837,111,43,16,true
2022-05-01 15:04:23.000000,2022-05-31 00:29:47.919837,112,41,48,true
2022-05-22 22:39:04.000000,2022-05-31 00:29:47.919837,113,33,26,false
2022-05-20 18:38:53.000000,2022-05-31 00:29:47.919837,114,11,20,true
2022-05-14 11:32:23.000000,2022-05-31 00:29:47.919837,115,0,48,true
2022-05-01 14:53:26.000000,2022-05-31 00:29:47.919837,116,7,30,true
2022-05-03 14:31:33.000000,2022-05-31 00:29:47.919837,117,17,25,true
2022-05-22 04:12:35.000000,2022-05-31 00:29:47.919837,118,10,28,true
2022-05-19 10:14:21.000000,2022-05-31 00:29:47.919837,119,15,19,false
2022-05-18 13:56:11.000000,2022-05-31 00:29:47.919837,120,13,24,true
2022-05-23 02:04:51.000000,2022-05-31 00:29:47.919837,121,4,43,false
2022-05-17 06:45:31.000000,2022-05-31 00:29:47.920834,122,4,40,true
2022-05-23 20:23:54.000000,2022-05-31 00:29:47.920834,123,14,45,true
2022-05-07 08:20:45.000000,2022-05-31 00:29:47.920834,124,4,44,true
2022-05-30 01:24:34.000000,2022-05-31 00:29:47.920834,125,0,42,false
2022-05-12 04:11:49.000000,2022-05-31 00:29:47.920834,126,0,19,true
2022-05-03 23:13:23.000000,2022-05-31 00:29:47.920834,127,1,30,false
2022-05-04 07:55:46.000000,2022-05-31 00:29:47.920834,128,48,5,true
2022-05-18 22:58:14.000000,2022-05-31 00:29:47.920834,129,1,40,true
2022-05-29 21:43:29.000000,2022-05-31 00:29:47.920834,130,10,12,true
2022-05-09 18:14:13.000000,2022-05-31 00:29:47.920834,131,30,12,true
2022-05-12 04:05:16.000000,2022-05-31 00:29:47.921832,132,5,26,true
2022-05-11 01:19:33.000000,2022-05-31 00:29:47.921832,133,39,31,true
2022-05-08 13:10:50.000000,2022-05-31 00:29:47.921832,134,0,1,true
2022-05-12 02:54:57.000000,2022-05-31 00:29:47.922855,135,26,22,false
2022-05-13 09:22:02.000000,2022-05-31 00:29:47.922855,136,39,27,true
2022-05-20 20:09:46.000000,2022-05-31 00:29:47.922855,137,46,32,true
2022-05-26 03:20:54.000000,2022-05-31 00:29:47.922855,138,7,21,true
2022-05-15 05:05:25.000000,2022-05-31 00:29:47.922855,139,4,32,true
2022-05-07 22:20:44.000000,2022-05-31 00:29:47.922855,140,41,48,false
2022-05-21 10:56:00.000000,2022-05-31 00:29:47.922855,141,32,16,true
2022-05-09 12:10:39.000000,2022-05-31 00:29:47.922855,142,12,49,true
2022-05-30 07:43:40.000000,2022-05-31 00:29:47.922855,143,31,4,true
2022-05-14 15:44:10.000000,2022-05-31 00:29:47.922855,144,9,41,true
2022-05-22 17:49:33.000000,2022-05-31 00:29:47.923851,145,35,41,true
2022-05-30 16:57:57.000000,2022-05-31 00:29:47.923851,146,37,4,true
2022-05-22 21:56:41.000000,2022-05-31 00:29:47.923851,147,21,6,true
2022-05-28 05:50:44.000000,2022-05-31 00:29:47.923851,148,36,5,true
2022-05-04 17:46:54.000000,2022-05-31 00:29:47.923851,149,31,14,true
2022-05-17 09:39:12.000000,2022-05-31 00:29:47.923851,150,45,8,false
2022-05-19 16:28:31.000000,2022-05-31 00:29:47.923851,151,41,44,true
2022-05-11 22:33:21.000000,2022-05-31 00:29:47.924823,152,1,38,true
2022-05-11 21:46:30.000000,2022-05-31 00:29:47.924823,153,20,8,true
2022-05-13 14:54:07.000000,2022-05-31 00:29:47.924823,155,39,31,true
2022-05-17 12:43:43.000000,2022-05-31 00:29:47.924823,156,16,1,true
2022-05-27 11:31:46.000000,2022-05-31 00:29:47.924823,157,8,26,true
2022-05-08 22:56:59.000000,2022-05-31 00:29:47.924823,158,47,12,true
2022-05-05 00:17:11.000000,2022-05-31 00:29:47.924823,159,5,40,true
2022-05-21 01:56:57.000000,2022-05-31 00:29:47.925847,160,46,31,true
2022-05-03 02:03:10.000000,2022-05-31 00:29:47.925847,161,30,46,true
2022-05-20 20:37:28.000000,2022-05-31 00:29:47.925847,162,41,1,false
2022-05-22 11:34:10.000000,2022-05-31 00:29:47.925847,163,3,1,true
2022-05-08 07:42:43.000000,2022-05-31 00:29:47.925847,164,39,21,true
2022-05-17 13:20:00.000000,2022-05-31 00:29:47.925847,165,21,10,true
2022-05-30 09:44:00.000000,2022-05-31 00:29:47.925847,166,26,49,true
2022-05-04 09:54:35.000000,2022-05-31 00:29:47.925847,167,31,29,true
2022-05-12 01:53:01.000000,2022-05-31 00:29:47.925847,168,25,14,true
2022-05-27 20:49:26.000000,2022-05-31 00:29:47.925847,169,27,31,true
2022-05-26 10:17:35.000000,2022-05-31 00:29:47.925847,170,8,1,true
2022-05-19 02:10:43.000000,2022-05-31 00:29:47.926842,171,2,8,true
2022-05-29 08:33:39.000000,2022-05-31 00:29:47.926842,172,46,12,true
2022-05-30 10:47:39.000000,2022-05-31 00:29:47.926842,173,1,26,true
2022-05-11 04:30:25.000000,2022-05-31 00:29:47.926842,174,44,33,true
2022-05-09 15:46:35.000000,2022-05-31 00:29:47.926842,175,49,39,true
2022-05-15 22:28:04.000000,2022-05-31 00:29:47.926842,176,41,14,true
2022-05-13 04:47:23.000000,2022-05-31 00:29:47.926842,177,28,9,true
2022-05-26 16:41:39.000000,2022-05-31 00:29:47.926842,178,29,37,true
2022-05-25 07:07:55.000000,2022-05-31 00:29:47.926842,179,43,49,true
2022-05-06 11:34:22.000000,2022-05-31 00:29:47.926842,180,8,27,true
2022-05-08 12:40:20.000000,2022-05-31 00:29:47.926842,181,17,25,true
2022-05-09 12:28:44.000000,2022-05-31 00:29:47.927840,182,21,29,true
2022-05-05 08:26:04.000000,2022-05-31 00:29:47.927840,183,34,11,true
2022-05-11 00:01:30.000000,2022-05-31 00:29:47.927840,184,4,20,true
2022-05-16 00:09:38.000000,2022-05-31 00:29:47.927840,185,22,13,true
2022-05-24 23:17:01.000000,2022-05-31 00:29:47.927840,186,42,35,true
2022-05-05 00:16:40.000000,2022-05-31 00:29:47.927840,187,39,12,true
2022-05-10 12:35:09.000000,2022-05-31 00:29:47.927840,188,44,40,true
2022-05-24 00:24:11.000000,2022-05-31 00:29:47.927840,189,14,3,true
2022-05-29 10:40:18.000000,2022-05-31 00:29:47.927840,190,30,49,true
2022-05-14 20:51:18.000000,2022-05-31 00:29:47.927840,191,30,15,true
2022-05-10 14:13:29.000000,2022-05-31 00:29:47.928840,193,8,0,true
2022-05-23 08:31:06.000000,2022-05-31 00:29:47.928840,194,49,22,true
2022-05-02 12:09:40.000000,2022-05-31 00:29:47.928840,195,44,31,true
2022-05-12 15:04:14.000000,2022-05-31 00:29:47.928840,196,10,34,true
2022-05-06 21:47:59.000000,2022-05-31 00:29:47.928840,197,12,18,true
2022-05-21 10:03:02.000000,2022-05-31 00:29:47.928840,198,6,42,true
2022-05-16 03:46:42.000000,2022-05-31 00:29:47.928840,199,11,42,true
2022-05-28 07:15:51.000000,2022-05-31 00:29:47.928840,200,36,24,true
2022-05-30 20:44:01.000000,2022-05-31 00:29:47.928840,201,0,31,true
2022-05-05 14:53:34.000000,2022-05-31 00:29:47.928840,202,20,28,true
2022-05-08 20:53:16.000000,2022-05-31 00:29:47.928840,203,39,14,true
2022-05-21 14:03:50.000000,2022-05-31 00:29:47.928840,204,39,2,false
2022-05-08 10:33:58.000000,2022-05-31 00:29:47.929836,205,37,35,false
2022-05-01 11:05:24.000000,2022-05-31 00:29:47.929836,207,1,32,true
2022-05-27 07:25:33.000000,2022-05-31 00:29:47.929836,208,35,40,true
2022-05-07 08:17:04.000000,2022-05-31 00:29:47.929836,209,19,36,true
2022-05-24 10:36:43.000000,2022-05-31 00:29:47.929836,210,6,30,true
2022-05-21 13:03:48.000000,2022-05-31 00:29:47.929836,211,37,1,true
2022-05-23 15:40:03.000000,2022-05-31 00:29:47.929836,212,49,25,true
2022-05-13 11:20:39.000000,2022-05-31 00:29:47.929836,213,30,3,true
2022-05-11 03:12:42.000000,2022-05-31 00:29:47.929836,214,15,12,true
2022-05-27 22:31:57.000000,2022-05-31 00:29:47.930832,215,7,15,true
2022-05-26 07:45:19.000000,2022-05-31 00:29:47.930832,216,10,18,true
2022-05-22 12:48:45.000000,2022-05-31 00:29:47.930832,217,3,7,true
2022-05-21 09:25:09.000000,2022-05-31 00:29:47.930832,218,43,35,true
2022-05-13 20:33:40.000000,2022-05-31 00:29:47.930832,219,2,42,true
2022-05-27 00:43:11.000000,2022-05-31 00:29:47.930832,220,22,6,true
2022-05-09 11:57:03.000000,2022-05-31 00:29:47.930832,221,7,1,true
2022-05-18 23:34:37.000000,2022-05-31 00:29:47.930832,222,3,6,true
2022-05-20 10:06:27.000000,2022-05-31 00:29:47.930832,223,42,11,true
2022-05-19 18:16:53.000000,2022-05-31 00:29:47.930832,224,46,23,true
2022-05-29 02:28:18.000000,2022-05-31 00:29:47.931830,225,34,48,true
2022-05-20 11:18:01.000000,2022-05-31 00:29:47.931830,226,19,6,true
2022-05-04 20:43:26.000000,2022-05-31 00:29:47.931830,227,15,30,true
2022-05-14 23:40:12.000000,2022-05-31 00:29:47.931830,229,38,13,true
2022-05-24 00:28:54.000000,2022-05-31 00:29:47.931830,230,22,11,true
2022-05-04 20:39:34.000000,2022-05-31 00:29:47.931830,231,10,0,true
2022-05-27 23:37:37.000000,2022-05-31 00:29:47.931830,232,18,48,true
2022-05-16 01:29:41.000000,2022-05-31 00:29:47.931830,233,46,45,true
2022-05-30 08:01:57.000000,2022-05-31 00:29:47.931830,234,31,34,true
2022-05-26 10:56:33.000000,2022-05-31 00:29:47.931830,235,42,49,true
2022-05-29 22:00:41.000000,2022-05-31 00:29:47.932827,236,36,7,true
2022-05-02 04:31:21.000000,2022-05-31 00:29:47.932827,237,39,1,true
2022-05-11 05:16:07.000000,2022-05-31 00:29:47.932827,238,22,6,true
2022-05-13 05:58:34.000000,2022-05-31 00:29:47.932827,239,17,21,true
2022-05-02 22:48:31.000000,2022-05-31 00:29:47.932827,240,17,27,true
2022-05-02 19:17:51.000000,2022-05-31 00:29:47.932827,241,3,22,true
2022-05-10 13:28:20.000000,2022-05-31 00:29:47.932827,242,4,2,true
2022-05-09 10:52:26.000000,2022-05-31 00:29:47.932827,243,14,23,true
2022-05-23 22:55:50.000000,2022-05-31 00:29:47.932827,244,47,12,true
2022-05-25 02:47:13.000000,2022-05-31 00:29:47.932827,245,11,37,true
2022-05-14 16:01:29.000000,2022-05-31 00:29:47.932827,246,9,11,false
2022-05-02 23:29:23.000000,2022-05-31 00:29:47.932827,247,15,13,true
2022-05-15 09:40:50.000000,2022-05-31 00:29:47.933823,248,19,17,true
2022-05-31 00:06:31.000000,2022-05-31 00:29:47.933823,249,4,45,true
2022-05-29 07:29:27.000000,2022-05-31 00:29:47.933823,250,18,35,true
2022-05-24 03:52:46.000000,2022-05-31 00:29:47.933823,251,34,40,true
2022-05-24 04:33:10.000000,2022-05-31 00:29:47.933823,252,27,16,true
2022-05-24 02:20:40.000000,2022-05-31 00:29:47.933823,253,9,41,true
2022-05-05 11:08:23.000000,2022-05-31 00:29:47.934797,254,16,35,true
2022-05-06 21:22:10.000000,2022-05-31 00:29:47.934797,255,34,36,true
2022-05-07 18:02:46.000000,2022-05-31 00:29:47.934797,256,24,47,true
2022-05-08 07:16:34.000000,2022-05-31 00:29:47.934797,258,6,42,true
2022-05-21 14:39:48.000000,2022-05-31 00:29:47.934797,259,39,35,true
2022-05-31 00:18:15.000000,2022-05-31 00:29:47.934797,260,16,18,true
2022-05-18 09:09:59.000000,2022-05-31 00:29:47.934797,261,34,31,true
2022-05-07 16:09:34.000000,2022-05-31 00:29:47.934797,262,26,34,false
2022-05-18 16:38:02.000000,2022-05-31 00:29:47.934797,263,4,26,false
2022-05-11 01:49:04.000000,2022-05-31 00:29:47.934797,264,28,38,true
2022-05-14 07:38:19.000000,2022-05-31 00:29:47.934797,265,25,10,false
2022-05-03 18:37:55.000000,2022-05-31 00:29:47.935819,266,49,12,true
2022-05-16 11:58:33.000000,2022-05-31 00:29:47.935819,267,5,48,true
2022-05-14 12:23:04.000000,2022-05-31 00:29:47.935819,269,38,8,true
2022-05-03 00:02:11.000000,2022-05-31 00:29:47.935819,270,24,43,true
2022-05-03 05:44:52.000000,2022-05-31 00:29:47.935819,271,48,24,false
2022-05-22 22:34:14.000000,2022-05-31 00:29:47.935819,272,6,21,true
2022-05-29 00:40:52.000000,2022-05-31 00:29:47.935819,273,18,0,true
2022-05-08 20:42:15.000000,2022-05-31 00:29:47.935819,274,49,20,true
2022-05-11 22:59:49.000000,2022-05-31 00:29:47.935819,275,24,49,true
2022-05-06 02:09:11.000000,2022-05-31 00:29:47.935819,276,22,44,true
2022-05-19 06:43:29.000000,2022-05-31 00:29:47.936817,277,20,7,true
2022-05-23 14:40:45.000000,2022-05-31 00:29:47.936817,278,2,26,true
2022-05-30 07:01:03.000000,2022-05-31 00:29:47.936817,279,24,44,true
2022-05-23 02:29:53.000000,2022-05-31 00:29:47.936817,280,16,37,false
2022-05-07 11:05:43.000000,2022-05-31 00:29:47.936817,281,3,28,true
2022-05-18 19:39:25.000000,2022-05-31 00:29:47.936817,282,45,4,true
2022-05-28 09:55:37.000000,2022-05-31 00:29:47.936817,283,19,48,true
2022-05-15 10:54:47.000000,2022-05-31 00:29:47.936817,284,44,29,true
2022-05-26 03:13:53.000000,2022-05-31 00:29:47.936817,285,42,18,false
2022-05-05 13:58:20.000000,2022-05-31 00:29:47.936817,286,14,46,true
2022-05-21 07:41:30.000000,2022-05-31 00:29:47.936817,287,23,18,true
2022-05-30 18:01:55.000000,2022-05-31 00:29:47.936817,288,0,35,true
2022-05-17 09:05:38.000000,2022-05-31 00:29:47.937813,289,22,9,false
2022-05-09 06:22:04.000000,2022-05-31 00:29:47.937813,290,34,41,true
2022-05-29 18:32:02.000000,2022-05-31 00:29:47.937813,291,14,9,true
2022-05-06 06:35:57.000000,2022-05-31 00:29:47.937813,292,10,37,true
2022-05-19 01:30:43.000000,2022-05-31 00:29:47.938787,293,28,24,true
2022-05-14 09:35:16.000000,2022-05-31 00:29:47.938787,295,7,27,true
2022-05-19 14:01:07.000000,2022-05-31 00:29:47.938787,296,6,23,true
2022-05-30 05:46:01.000000,2022-05-31 00:29:47.938787,297,26,32,true
2022-05-20 08:46:24.000000,2022-05-31 00:29:47.939784,298,5,47,true
2022-05-15 07:57:40.000000,2022-05-31 00:29:47.939784,299,27,18,true
2022-05-25 20:52:12.000000,2022-05-31 00:29:47.939784,300,24,5,true
2022-05-03 03:39:11.000000,2022-05-31 00:29:47.939784,301,2,15,true
2022-05-10 20:27:19.000000,2022-05-31 00:29:47.939784,302,33,28,true
2022-05-26 17:33:24.000000,2022-05-31 00:29:47.939784,303,20,45,true
2022-05-18 04:15:28.000000,2022-05-31 00:29:47.940781,304,22,36,true
2022-05-24 16:40:32.000000,2022-05-31 00:29:47.940781,305,27,21,true
2022-05-21 03:33:25.000000,2022-05-31 00:29:47.940781,306,28,11,true
2022-05-24 03:58:58.000000,2022-05-31 00:29:47.940781,307,20,8,true
2022-05-21 14:58:45.000000,2022-05-31 00:29:47.940781,308,26,15,true
2022-05-01 10:41:10.000000,2022-05-31 00:29:47.940781,309,24,11,false
2022-05-10 02:26:07.000000,2022-05-31 00:29:47.941777,310,45,24,true
2022-05-14 21:49:56.000000,2022-05-31 00:29:47.941777,311,24,7,true
2022-05-11 11:05:18.000000,2022-05-31 00:29:47.941777,312,46,3,true
2022-05-21 09:02:34.000000,2022-05-31 00:29:47.941777,313,21,49,true
2022-05-03 04:26:57.000000,2022-05-31 00:29:47.941777,314,27,3,true
2022-05-05 17:05:51.000000,2022-05-31 00:29:47.941777,315,25,39,true
2022-05-29 01:38:08.000000,2022-05-31 00:29:47.942775,316,32,35,true
2022-05-11 06:52:30.000000,2022-05-31 00:29:47.942775,317,9,21,true
2022-05-26 13:19:00.000000,2022-05-31 00:29:47.942775,318,36,26,true
2022-05-24 01:45:07.000000,2022-05-31 00:29:47.942775,319,19,8,false
2022-05-08 15:06:00.000000,2022-05-31 00:29:47.942775,320,15,48,true
2022-05-14 19:17:23.000000,2022-05-31 00:29:47.942775,321,24,3,true
2022-05-21 07:11:01.000000,2022-05-31 00:29:47.942775,322,8,17,false
2022-05-16 15:34:21.000000,2022-05-31 00:29:47.942775,323,47,29,true
2022-05-26 18:44:47.000000,2022-05-31 00:29:47.942775,324,46,5,true
2022-05-19 11:13:34.000000,2022-05-31 00:29:47.942775,325,45,22,true
2022-05-10 14:01:44.000000,2022-05-31 00:29:47.943774,326,30,20,false
2022-05-22 05:40:32.000000,2022-05-31 00:29:47.943774,327,19,24,true
2022-05-14 08:18:57.000000,2022-05-31 00:29:47.943774,328,3,45,true
2022-05-25 21:42:17.000000,2022-05-31 00:29:47.943774,329,6,30,true
2022-05-04 19:07:04.000000,2022-05-31 00:29:47.943774,330,21,10,true
2022-05-26 09:20:55.000000,2022-05-31 00:29:47.943774,331,36,17,true
2022-05-18 11:16:33.000000,2022-05-31 00:29:47.943774,332,19,39,true
2022-05-11 01:06:47.000000,2022-05-31 00:29:47.943774,333,28,33,true
2022-05-06 20:00:39.000000,2022-05-31 00:29:47.944769,334,9,17,true
2022-05-10 02:54:57.000000,2022-05-31 00:29:47.944769,335,30,18,true
2022-05-26 17:27:15.000000,2022-05-31 00:29:47.944769,336,37,25,true
2022-05-09 09:20:42.000000,2022-05-31 00:29:47.944769,337,1,5,true
2022-05-24 19:32:36.000000,2022-05-31 00:29:47.944769,338,35,36,true
2022-05-20 22:37:23.000000,2022-05-31 00:29:47.944769,339,18,31,true
2022-05-04 19:26:57.000000,2022-05-31 00:29:47.944769,340,33,35,true
2022-05-29 18:55:38.000000,2022-05-31 00:29:47.944769,341,43,46,true
2022-05-03 15:14:32.000000,2022-05-31 00:29:47.944769,342,31,47,true
2022-05-12 07:12:45.000000,2022-05-31 00:29:47.944769,343,22,12,true
2022-05-04 14:31:13.000000,2022-05-31 00:29:47.944769,344,22,49,true
2022-05-16 01:08:47.000000,2022-05-31 00:29:47.945769,345,12,21,true
2022-05-29 00:36:02.000000,2022-05-31 00:29:47.945769,346,40,8,true
2022-05-11 03:56:33.000000,2022-05-31 00:29:47.945769,347,18,8,true
2022-05-14 19:31:24.000000,2022-05-31 00:29:47.945769,348,14,40,true
2022-05-17 14:51:05.000000,2022-05-31 00:29:47.945769,349,27,28,true
2022-05-02 20:08:09.000000,2022-05-31 00:29:47.945769,350,19,5,true
2022-05-26 13:47:43.000000,2022-05-31 00:29:47.945769,351,6,12,false
2022-05-07 17:01:28.000000,2022-05-31 00:29:47.945769,352,23,33,true
2022-05-08 19:25:22.000000,2022-05-31 00:29:47.945769,353,19,4,true
2022-05-17 16:04:06.000000,2022-05-31 00:29:47.945769,354,46,8,true
2022-05-09 15:02:18.000000,2022-05-31 00:29:47.946766,355,8,44,true
2022-05-09 14:21:02.000000,2022-05-31 00:29:47.946766,356,11,10,true
2022-05-11 20:03:32.000000,2022-05-31 00:29:47.946766,358,48,1,true
2022-05-09 04:52:00.000000,2022-05-31 00:29:47.946766,359,12,14,true
2022-05-29 19:22:45.000000,2022-05-31 00:29:47.946766,360,11,14,true
2022-05-14 18:19:15.000000,2022-05-31 00:29:47.946766,361,34,2,true
2022-05-03 03:15:20.000000,2022-05-31 00:29:47.946766,362,41,11,true
2022-05-25 03:05:58.000000,2022-05-31 00:29:47.947763,363,33,14,true
2022-05-06 10:15:48.000000,2022-05-31 00:29:47.947763,364,42,23,false
2022-05-23 12:50:37.000000,2022-05-31 00:29:47.947763,365,40,36,true
2022-05-20 06:03:25.000000,2022-05-31 00:29:47.947763,366,25,16,true
2022-05-19 08:10:43.000000,2022-05-31 00:29:47.947763,367,18,2,true
2022-05-03 21:55:53.000000,2022-05-31 00:29:47.947763,368,3,20,true
2022-05-19 08:02:07.000000,2022-05-31 00:29:47.947763,369,48,15,true
2022-05-29 05:43:13.000000,2022-05-31 00:29:47.947763,370,44,7,true
2022-05-19 23:29:17.000000,2022-05-31 00:29:47.947763,371,41,27,true
2022-05-13 03:28:54.000000,2022-05-31 00:29:47.947763,372,28,1,true
2022-05-08 21:30:50.000000,2022-05-31 00:29:47.948760,373,19,44,true
2022-05-09 10:00:36.000000,2022-05-31 00:29:47.948760,374,47,17,true
2022-05-29 11:13:13.000000,2022-05-31 00:29:47.948760,375,49,40,true
2022-05-26 06:21:47.000000,2022-05-31 00:29:47.948760,376,26,42,false
2022-05-23 03:29:13.000000,2022-05-31 00:29:47.948760,377,44,21,true
2022-05-02 04:21:03.000000,2022-05-31 00:29:47.948760,378,9,29,true
2022-05-26 09:20:30.000000,2022-05-31 00:29:47.948760,379,7,5,true
2022-05-10 16:15:00.000000,2022-05-31 00:29:47.948760,380,44,13,true
2022-05-01 01:05:49.000000,2022-05-31 00:29:47.948760,381,25,46,true
2022-05-26 13:02:30.000000,2022-05-31 00:29:47.949757,382,17,9,true
2022-05-07 01:11:57.000000,2022-05-31 00:29:47.949757,383,40,30,true
2022-05-15 22:35:15.000000,2022-05-31 00:29:47.949757,385,8,37,false
2022-05-04 12:21:21.000000,2022-05-31 00:29:47.949757,386,27,43,false
2022-05-06 13:08:19.000000,2022-05-31 00:29:47.949757,387,6,29,true
2022-05-14 11:43:17.000000,2022-05-31 00:29:47.949757,388,47,18,true
2022-05-02 06:50:23.000000,2022-05-31 00:29:47.949757,389,0,14,true
2022-05-12 10:50:37.000000,2022-05-31 00:29:47.949757,390,48,41,true
2022-05-24 00:10:50.000000,2022-05-31 00:29:47.949757,391,7,32,true
2022-05-22 20:11:47.000000,2022-05-31 00:29:47.949757,392,21,29,true
2022-05-16 23:11:27.000000,2022-05-31 00:29:47.950754,393,8,19,true
2022-05-23 01:07:16.000000,2022-05-31 00:29:47.950754,395,26,32,true
2022-05-23 00:23:53.000000,2022-05-31 00:29:47.950754,396,22,38,true
2022-05-02 08:40:51.000000,2022-05-31 00:29:47.950754,397,10,46,true
2022-05-17 02:15:55.000000,2022-05-31 00:29:47.950754,398,6,7,true
2022-05-25 04:36:47.000000,2022-05-31 00:29:47.950754,399,7,39,true
